City_ID,City,Country,Date,Lat,Lng,Max Temp,Humidity,Cloudiness,Wind Speed
0,Pevek,RU,2020-10-03 22:27:26,69.7,170.31,31.96,97,100,6.76
1,Torbay,CA,2020-10-03 22:30:38,47.67,-52.73,60.01,93,90,14.99
2,Vaini,TO,2020-10-03 22:30:38,-21.2,-175.2,75.2,88,90,11.41
3,Hermanus,ZA,2020-10-03 22:30:38,-34.42,19.23,60.01,86,23,5.99
4,Port Elizabeth,ZA,2020-10-03 22:30:38,-33.92,25.57,60.8,93,90,13.87
5,Keti Bandar,PK,2020-10-03 22:30:39,24.14,67.45,80.76,84,17,10.49
6,Hobart,AU,2020-10-03 22:30:39,-42.88,147.33,51.8,93,90,4.7
7,Tasiilaq,GL,2020-10-03 22:28:03,65.61,-37.64,33.8,64,0,10.29
8,Faya,SA,2020-10-03 22:30:39,18.39,42.45,64.4,21,0,3.36
9,Bredasdorp,ZA,2020-10-03 22:30:39,-34.53,20.04,60.8,87,42,10.29
10,College,US,2020-10-03 22:30:39,64.86,-147.8,59.0,54,75,7.4
11,Taonan,CN,2020-10-03 22:30:39,45.33,122.78,41.07,78,94,12.82
12,Biltine,TD,2020-10-03 22:30:40,14.53,20.92,85.26,49,0,1.39
13,Cherskiy,RU,2020-10-03 22:27:13,68.75,161.3,29.17,93,11,4.85
14,Zhigansk,RU,2020-10-03 22:30:40,66.77,123.37,31.78,99,100,16.87
15,Castro,BR,2020-10-03 22:30:40,-24.79,-50.01,62.37,86,68,13.13
16,Esperance,AU,2020-10-03 22:28:44,-33.87,121.9,46.4,100,40,8.05
17,Itarema,BR,2020-10-03 22:30:40,-2.92,-39.92,78.87,74,89,16.84
18,Westport,US,2020-10-03 22:30:40,41.14,-73.36,66.2,37,75,9.17
19,Araouane,ML,2020-10-03 22:30:40,18.9,-3.53,94.53,28,63,6.93
20,Busselton,AU,2020-10-03 22:27:06,-33.65,115.33,48.99,70,74,9.4
21,Atuona,PF,2020-10-03 22:27:05,-9.8,-139.03,78.4,73,24,22.93
22,Valparaiso,CL,2020-10-03 22:30:41,-33.04,-71.63,57.2,47,0,13.87
23,Saskylakh,RU,2020-10-03 22:30:41,71.92,114.08,20.95,96,76,13.87
24,Ushuaia,AR,2020-10-03 22:30:41,-54.8,-68.3,44.6,70,40,10.29
25,Los Llanos De Aridane,ES,2020-10-03 22:30:41,28.66,-17.92,73.4,78,20,14.99
26,Kousseri,CM,2020-10-03 22:30:41,12.08,15.03,80.6,83,27,4.85
27,Achinsk,RU,2020-10-03 22:30:41,56.27,90.5,35.76,83,100,8.21
28,Padang,ID,2020-10-03 22:30:41,-0.95,100.35,76.73,73,81,3.2
29,Dikson,RU,2020-10-03 22:30:41,73.51,80.55,34.95,88,100,23.24
30,Lisa,RO,2020-10-03 22:30:41,43.8,25.13,60.8,67,20,2.24
31,Cape Town,ZA,2020-10-03 22:25:44,-33.93,18.42,62.01,82,0,5.82
32,Kodiak,US,2020-10-03 22:27:14,57.79,-152.41,53.6,58,1,12.75
33,Lebu,CL,2020-10-03 22:30:42,-37.62,-73.65,46.76,71,1,5.3
34,Raiganj,IN,2020-10-03 22:30:42,25.62,88.12,78.13,91,100,4.72
35,Khani,GE,2020-10-03 22:30:42,41.96,42.96,59.0,100,99,5.82
36,Yellowknife,CA,2020-10-03 22:30:07,62.46,-114.35,50.0,76,75,18.34
37,Kitgum,UG,2020-10-03 22:30:42,3.28,32.89,65.39,94,50,1.79
38,Rikitea,PF,2020-10-03 22:30:42,-23.12,-134.97,73.17,79,7,16.49
39,Pinhao,BR,2020-10-03 22:30:42,-25.7,-51.66,67.57,82,51,9.1
40,Yeppoon,AU,2020-10-03 22:30:42,-23.13,150.73,73.4,73,75,9.17
41,Yemtsa,RU,2020-10-03 22:30:42,63.07,40.33,36.36,95,0,4.54
42,Tashara,RU,2020-10-03 22:30:43,55.52,83.51,43.36,76,59,12.71
43,Kieta,PG,2020-10-03 22:30:43,-6.22,155.63,84.52,58,0,6.26
44,Arraial Do Cabo,BR,2020-10-03 22:30:43,-22.97,-42.03,75.2,94,75,11.41
45,Sobolevo,RU,2020-10-03 22:30:43,54.43,31.9,51.39,63,89,11.99
46,Sumbe,AO,2020-10-03 22:30:43,-11.21,13.84,71.71,88,72,4.16
47,Sao Filipe,CV,2020-10-03 22:30:43,14.9,-24.5,79.32,74,2,14.99
48,Faanui,PF,2020-10-03 22:30:43,-16.48,-151.75,78.8,76,22,16.82
49,Fukue,JP,2020-10-03 22:30:43,32.69,128.84,72.93,79,64,6.67
50,Jamestown,US,2020-10-03 22:29:41,42.1,-79.24,53.01,66,90,4.7
51,Fortuna,US,2020-10-03 22:30:43,40.6,-124.16,62.6,88,75,11.41
52,Fairbanks,US,2020-10-03 22:30:04,64.84,-147.72,59.0,41,1,5.82
53,Moron,AR,2020-10-03 22:30:44,-34.65,-58.62,50.0,58,31,10.0
54,Souillac,MU,2020-10-03 22:30:44,-20.52,57.52,71.6,94,75,8.05
55,Albany,US,2020-10-03 22:29:47,42.6,-73.97,57.0,67,41,4.21
56,Touros,BR,2020-10-03 22:30:44,-5.2,-35.46,77.0,78,93,6.93
57,Mataura,NZ,2020-10-03 22:30:44,-46.19,168.86,48.99,96,100,8.99
58,Dharangaon,IN,2020-10-03 22:30:44,21.02,75.27,77.04,70,100,5.66
59,Bluff,NZ,2020-10-03 22:30:44,-46.6,168.33,48.99,96,100,8.99
60,Rawson,AR,2020-10-03 22:30:45,-43.3,-65.1,48.96,49,0,20.92
61,Tuktoyaktuk,CA,2020-10-03 22:30:45,69.45,-133.04,44.6,93,90,3.36
62,Santiago Del Estero,AR,2020-10-03 22:30:45,-27.8,-64.26,51.71,49,88,10.54
63,Cidreira,BR,2020-10-03 22:30:45,-30.18,-50.21,57.09,90,100,13.94
64,Sertania,BR,2020-10-03 22:30:45,-8.07,-37.26,72.12,69,89,9.93
65,Mildura,AU,2020-10-03 22:29:54,-34.2,142.15,81.0,21,21,20.8
66,Chokurdakh,RU,2020-10-03 22:30:45,70.63,147.92,29.55,97,100,15.32
67,Mattru,SL,2020-10-03 22:30:45,7.62,-11.83,73.71,98,100,2.46
68,Port Blair,IN,2020-10-03 22:30:45,11.67,92.75,81.12,81,100,10.09
69,Puerto Ayora,EC,2020-10-03 22:30:46,-0.74,-90.35,75.2,64,75,9.17
70,Rach Gia,VN,2020-10-03 22:30:46,10.02,105.08,77.0,100,40,8.97
71,Hithadhoo,MV,2020-10-03 22:30:46,-0.6,73.08,83.32,72,100,11.34
72,Nikolskoye,RU,2020-10-03 22:30:46,59.7,30.79,57.99,71,100,6.71
73,Chuy,UY,2020-10-03 22:30:46,-33.7,-53.46,50.36,79,47,10.22
74,La Ronge,CA,2020-10-03 22:30:46,55.1,-105.28,55.4,50,75,9.17
75,Matamoros,MX,2020-10-03 22:30:46,25.53,-103.25,87.8,14,5,3.58
76,Constitucion,CL,2020-10-03 22:28:35,-35.33,-72.42,50.16,61,2,14.97
77,Richards Bay,ZA,2020-10-03 22:30:46,-28.78,32.04,67.41,93,100,10.18
78,Ilulissat,GL,2020-10-03 22:28:05,69.22,-51.1,30.2,80,99,1.12
79,Sambava,MG,2020-10-03 22:30:47,-14.27,50.17,73.6,82,72,6.24
80,Vardo,NO,2020-10-03 22:30:47,70.37,31.11,47.98,83,54,21.54
81,San Patricio,MX,2020-10-03 22:30:47,19.22,-104.7,91.4,63,5,11.41
82,Vaitape,PF,2020-10-03 22:30:47,-16.52,-151.75,79.66,75,20,16.75
83,Guerrero Negro,MX,2020-10-03 22:30:47,27.98,-114.06,87.67,29,0,15.14
84,Tekeli,KZ,2020-10-03 22:30:47,44.83,78.82,45.18,54,61,3.65
85,Chapais,CA,2020-10-03 22:30:47,49.78,-74.85,41.0,56,90,4.7
86,Staraya Toropa,RU,2020-10-03 22:30:47,56.28,31.67,52.65,67,80,9.62
87,Hilo,US,2020-10-03 22:30:47,19.73,-155.09,87.8,48,1,9.17
88,Ribeira Grande,PT,2020-10-03 22:30:48,38.52,-28.7,69.12,84,84,16.96
89,Laguna,US,2020-10-03 22:30:48,38.42,-121.42,91.4,22,1,4.7
90,Leopold,AU,2020-10-03 22:30:48,-38.18,144.47,57.99,100,100,5.82
91,Katsuura,JP,2020-10-03 22:30:48,35.13,140.3,69.01,88,90,4.7
92,Kalengwa,ZM,2020-10-03 22:30:48,-13.47,25.0,68.85,27,0,5.28
93,Hasaki,JP,2020-10-03 22:26:59,35.73,140.83,66.2,88,75,2.24
94,Yar-Sale,RU,2020-10-03 22:28:36,66.83,70.83,30.54,95,64,16.22
95,Nome,US,2020-10-03 22:29:15,64.5,-165.41,50.0,76,90,8.05
96,Bathsheba,BB,2020-10-03 22:30:48,13.22,-59.52,82.4,78,40,13.87
97,Mount Gambier,AU,2020-10-03 22:25:49,-37.83,140.77,57.2,93,75,9.17
98,Geraldton,AU,2020-10-03 22:28:14,-28.77,114.6,41.0,86,40,4.7
99,Port Alfred,ZA,2020-10-03 22:30:49,-33.59,26.89,61.38,87,88,14.74
100,Yiyang,CN,2020-10-03 22:30:49,28.59,112.33,56.84,94,100,8.21
101,Bay Roberts,CA,2020-10-03 22:30:49,47.6,-53.26,59.0,1,100,11.23
102,Mogadishu,SO,2020-10-03 22:30:43,2.04,45.34,78.15,88,87,13.06
103,Cayenne,GF,2020-10-03 22:30:49,4.93,-52.33,80.6,88,90,9.73
104,Avera,US,2020-10-03 22:26:58,33.19,-82.53,71.6,46,1,8.05
105,Longyearbyen,SJ,2020-10-03 22:27:54,78.22,15.64,33.8,86,75,2.24
106,Kimberley,ZA,2020-10-03 22:30:12,-28.73,24.76,48.2,39,0,1.12
107,Bijar,IR,2020-10-03 22:30:49,35.87,47.61,46.47,68,10,1.68
108,Peniche,PT,2020-10-03 22:30:50,39.36,-9.38,57.99,86,19,9.93
109,Najran,SA,2020-10-03 22:30:50,17.49,44.13,71.6,24,0,2.26
110,Pathein,MM,2020-10-03 22:30:50,16.78,94.73,76.1,96,100,5.35
111,Saint-Augustin,CA,2020-10-03 22:30:50,51.23,-58.65,48.85,68,52,9.42
112,El Alto,PE,2020-10-03 22:30:50,-4.27,-81.21,63.79,85,36,17.72
113,Norman Wells,CA,2020-10-03 22:30:50,65.28,-126.83,57.2,62,75,5.82
114,Te Anau,NZ,2020-10-03 22:30:50,-45.42,167.72,56.39,85,91,6.44
115,New Norfolk,AU,2020-10-03 22:30:51,-42.78,147.06,51.01,92,100,2.39
116,Puerto Lempira,HN,2020-10-03 22:30:51,15.27,-83.77,80.6,83,40,7.94
117,Avarua,CK,2020-10-03 22:30:51,-21.21,-159.78,78.8,69,35,13.87
118,Bandarbeyla,SO,2020-10-03 22:30:51,9.49,50.81,79.0,78,25,11.23
119,Bowen,AU,2020-10-03 22:28:28,-20.02,148.23,73.4,73,40,14.99
120,Moldovenesti,RO,2020-10-03 22:30:51,46.5,23.65,59.0,82,68,6.93
121,Vao,NC,2020-10-03 22:30:51,-22.67,167.48,69.93,76,17,22.77
122,Husavik,IS,2020-10-03 22:30:51,66.04,-17.34,35.6,100,90,4.7
123,Cururupu,BR,2020-10-03 22:30:51,-1.83,-44.87,76.84,88,62,4.45
124,Punta Arenas,CL,2020-10-03 22:30:52,-53.15,-70.92,46.4,61,75,25.28
125,Rincon,US,2020-10-03 22:26:26,32.3,-81.24,69.8,56,75,8.05
126,Provideniya,RU,2020-10-03 22:30:52,64.38,-173.3,38.28,75,73,11.07
127,Roebourne,AU,2020-10-03 22:30:46,-20.78,117.13,60.62,36,77,26.22
128,Barrow,US,2020-10-03 22:30:52,71.29,-156.79,33.8,93,90,16.11
129,Kapaa,US,2020-10-03 22:30:52,22.08,-159.32,88.0,70,40,8.05
130,Halifax,CA,2020-10-03 22:29:50,44.65,-63.57,61.0,78,14,4.65
131,San Cristobal,VE,2020-10-03 22:29:37,7.77,-72.22,89.6,38,40,11.41
132,Rocha,UY,2020-10-03 22:30:52,-34.48,-54.33,44.28,80,57,7.36
133,Kabelvag,NO,2020-10-03 22:30:52,68.21,14.48,50.0,70,0,1.01
134,East London,ZA,2020-10-03 22:30:53,-33.02,27.91,62.13,83,97,11.18
135,Freeport,US,2020-10-03 22:29:01,40.66,-73.58,64.99,48,1,9.17
136,Polyarnyy,RU,2020-10-03 22:30:53,69.2,33.45,46.4,81,75,6.71
137,Georgetown,MY,2020-10-03 22:27:08,5.41,100.34,78.8,100,20,3.89
138,Victoria,HK,2020-10-03 22:30:03,22.29,114.16,82.0,80,93,7.81
139,Papillion,US,2020-10-03 22:29:27,41.15,-96.04,57.99,58,90,3.36
140,Nongan,CN,2020-10-03 22:30:53,44.38,125.17,46.4,81,90,15.66
141,Harper,LR,2020-10-03 22:30:53,4.38,-7.72,77.02,88,72,9.04
142,Ascension,US,2020-10-03 22:30:53,30.22,-90.9,79.0,31,1,5.82
143,Meulaboh,ID,2020-10-03 22:30:53,4.14,96.13,76.68,81,100,8.97
144,Yurino,RU,2020-10-03 22:30:54,56.29,46.3,46.4,87,20,4.47
145,Buraydah,SA,2020-10-03 22:26:30,26.33,43.98,78.8,34,0,6.93
146,Roald,NO,2020-10-03 22:30:54,62.58,6.13,60.8,51,11,16.11
147,Shingu,JP,2020-10-03 22:30:28,33.73,135.98,70.3,85,99,3.04
148,Lorengau,PG,2020-10-03 22:30:54,-2.02,147.27,84.97,67,30,10.25
149,Port Lincoln,AU,2020-10-03 22:30:54,-34.73,135.87,54.77,93,100,19.51
150,Marsh Harbour,BS,2020-10-03 22:30:54,26.54,-77.06,82.94,78,96,14.54
151,Awbari,LY,2020-10-03 22:30:54,26.59,12.78,83.43,15,32,7.94
152,Potiskum,NG,2020-10-03 22:30:54,11.71,11.07,75.88,66,31,3.31
153,Deputatskiy,RU,2020-10-03 22:30:54,69.3,139.9,22.78,96,78,13.04
154,Dinghai,CN,2020-10-03 22:30:55,26.28,119.79,73.4,88,75,2.24
155,Taga,RO,2020-10-03 22:30:55,46.95,24.05,59.0,82,55,6.93
156,Morehead,US,2020-10-03 22:30:55,37.27,-87.18,68.0,48,75,3.6
157,Napasar,IN,2020-10-03 22:30:55,27.97,73.55,81.66,23,0,8.28
158,Pangai,TO,2020-10-03 22:30:55,-19.8,-174.35,77.0,88,90,17.22
159,Pankrushikha,RU,2020-10-03 22:30:55,53.83,80.34,43.18,64,60,11.99
160,Vinh,VN,2020-10-03 22:30:55,18.67,105.67,78.13,90,100,2.04
161,Tagusao,PH,2020-10-03 22:30:55,9.19,117.81,82.29,78,100,10.04
162,Haines Junction,CA,2020-10-03 22:30:55,60.75,-137.51,48.74,63,84,10.51
163,Gejiu,CN,2020-10-03 22:30:56,23.31,103.16,58.28,100,52,2.04
164,Butaritari,KI,2020-10-03 22:30:56,3.07,172.79,81.48,70,99,7.7
165,Saint-Philippe,RE,2020-10-03 22:30:56,-21.36,55.77,71.6,78,90,6.93
166,Tabuk,PH,2020-10-03 22:30:56,17.42,121.44,75.87,78,9,1.14
167,Thompson,CA,2020-10-03 22:30:48,55.74,-97.86,41.0,74,75,8.05
168,Saldanha,ZA,2020-10-03 22:30:56,-33.01,17.94,57.2,82,0,1.12
169,Tahe,CN,2020-10-03 22:30:56,52.33,124.73,38.21,86,100,8.93
170,Sangar,RU,2020-10-03 22:30:56,63.92,127.47,28.29,92,70,4.56
171,Dwarka,IN,2020-10-03 22:30:56,22.24,68.97,80.92,77,0,9.93
172,Severo-Kurilsk,RU,2020-10-03 22:28:01,50.68,156.12,47.53,70,100,6.06
173,Fonte Boa,BR,2020-10-03 22:30:56,-2.5,-66.27,78.64,81,37,5.44
174,Tambura,SS,2020-10-03 22:30:56,5.6,27.47,68.92,96,100,2.68
175,Iqaluit,CA,2020-10-03 22:26:35,63.75,-68.51,32.0,94,90,2.24
176,Bobo Dioulasso,BF,2020-10-03 22:30:57,11.18,-4.3,78.8,83,36,4.7
177,Salinopolis,BR,2020-10-03 22:30:57,-0.61,-47.36,80.69,80,99,12.82
178,Maningrida,AU,2020-10-03 22:30:57,-12.07,134.27,80.83,64,100,8.97
179,Todos Santos,MX,2020-10-03 22:30:57,23.45,-110.22,84.99,74,0,4.0
180,Lenart,SI,2020-10-03 22:30:57,46.58,15.83,60.8,100,98,5.82
181,Bambous Virieux,MU,2020-10-03 22:30:57,-20.34,57.76,71.6,94,75,8.05
182,Eyl,SO,2020-10-03 22:30:57,7.98,49.82,78.8,81,55,13.56
183,Sioux Lookout,CA,2020-10-03 22:30:57,50.1,-91.92,41.0,56,90,3.36
184,Kemijarvi,FI,2020-10-03 22:30:57,66.71,27.43,40.26,95,12,4.74
185,Lompoc,US,2020-10-03 22:30:57,34.64,-120.46,82.4,44,1,12.75
186,Loucovice,CZ,2020-10-03 22:30:58,48.62,14.26,51.01,98,69,3.0
187,Lloydminster,CA,2020-10-03 22:30:58,53.28,-110.0,62.6,42,20,10.29
188,Mahebourg,MU,2020-10-03 22:30:58,-20.41,57.7,71.6,94,75,8.05
189,Wanaka,NZ,2020-10-03 22:30:58,-44.7,169.15,64.18,53,33,12.5
190,Nkan,GA,2020-10-03 22:30:58,0.38,9.78,80.6,83,40,8.05
191,Luderitz,NA,2020-10-03 22:30:58,-26.65,15.16,55.51,82,0,6.58
192,Saint George,US,2020-10-03 22:30:01,37.1,-113.58,95.0,6,1,3.06
193,Dingle,PH,2020-10-03 22:30:58,11.0,122.67,79.21,84,74,1.43
194,Kemi,FI,2020-10-03 22:30:58,65.86,24.82,44.6,93,3,9.17
195,Radhanpur,IN,2020-10-03 22:30:59,23.83,71.6,80.94,77,0,7.63
196,Wamba,NG,2020-10-03 22:30:59,8.93,8.6,71.78,82,66,2.82
197,Grindavik,IS,2020-10-03 22:30:59,63.84,-22.43,41.0,86,90,13.87
198,Greymouth,NZ,2020-10-03 22:30:59,-42.47,171.2,58.08,76,100,12.08
199,Codrington,AU,2020-10-03 22:28:32,-38.27,141.97,57.36,92,100,5.12
200,Rudnichnyy,RU,2020-10-03 22:30:59,59.62,52.47,32.47,95,27,4.81
201,Coswig,DE,2020-10-03 22:30:59,51.13,13.58,60.8,72,96,8.05
202,Kavieng,PG,2020-10-03 22:30:59,-2.57,150.8,83.25,77,97,14.63
203,Kovur,IN,2020-10-03 22:30:59,14.48,79.98,82.47,68,100,12.24
204,Bengkulu,ID,2020-10-03 22:30:59,-3.8,102.27,76.44,83,100,7.87
205,Pokhara,NP,2020-10-03 22:30:59,28.23,83.98,68.2,48,0,4.65
206,Inta,RU,2020-10-03 22:30:59,66.03,60.17,31.08,96,19,6.69
207,San Pedro,PH,2020-10-03 22:30:59,14.35,121.02,80.6,88,75,1.12
208,Montpellier,FR,2020-10-03 22:31:00,43.61,3.88,57.2,71,73,18.34
209,Caravelas,BR,2020-10-03 22:31:00,-17.71,-39.25,74.97,81,57,10.89
210,Vesyegonsk,RU,2020-10-03 22:26:18,58.66,37.26,49.46,93,78,6.06
211,Port Hardy,CA,2020-10-03 22:27:02,50.7,-127.42,53.6,100,90,2.24
212,Singaraja,ID,2020-10-03 22:31:00,-8.11,115.09,79.29,68,79,4.68
213,Fare,PF,2020-10-03 22:31:00,-16.7,-151.02,79.14,73,3,16.91
214,Cooma,AU,2020-10-03 22:31:00,-36.23,149.13,64.4,42,59,12.75
215,Baykit,RU,2020-10-03 22:31:01,61.67,96.37,39.4,89,100,5.28
216,Cairns,AU,2020-10-03 22:26:39,-16.92,145.77,78.8,57,90,12.75
217,Kruisfontein,ZA,2020-10-03 22:31:01,-34.0,24.73,59.0,93,74,4.0
218,Palmer,US,2020-10-03 22:31:01,42.16,-72.33,60.8,48,20,6.93
219,Altay,CN,2020-10-03 22:31:01,47.87,88.12,37.09,70,0,3.4
220,Corinto,GR,2020-10-03 22:31:01,37.94,22.96,73.0,77,0,3.78
221,Timizart,DZ,2020-10-03 22:31:01,36.8,4.27,56.77,65,0,3.29
222,Khatanga,RU,2020-10-03 22:31:01,71.97,102.5,23.32,98,94,12.84
223,Kununurra,AU,2020-10-03 22:26:02,-15.77,128.73,78.8,94,11,3.36
224,Aden,YE,2020-10-03 22:28:22,12.78,45.04,84.6,59,0,5.84
225,Muros,ES,2020-10-03 22:31:01,42.78,-9.06,59.0,85,70,17.0
226,Gizycko,PL,2020-10-03 22:31:02,54.04,21.76,64.15,69,70,17.07
227,Kamenka,RU,2020-10-03 22:30:57,51.32,42.77,51.89,61,100,6.26
228,Petropavlovsk-Kamchatskiy,RU,2020-10-03 22:31:02,53.05,158.65,39.2,80,0,6.71
229,Kendari,ID,2020-10-03 22:31:02,-3.94,122.5,76.8,85,54,5.28
230,Pangnirtung,CA,2020-10-03 22:31:02,66.15,-65.71,27.82,93,67,1.63
231,Upernavik,GL,2020-10-03 22:27:48,72.79,-56.15,31.98,93,78,9.01
232,Salekhard,RU,2020-10-03 22:31:02,66.53,66.6,32.5,97,100,6.8
233,Staraya Poltavka,RU,2020-10-03 22:31:02,50.48,46.48,54.54,62,100,6.15
234,Upata,VE,2020-10-03 22:31:02,8.01,-62.4,84.0,73,56,5.01
235,Gafargaon,BD,2020-10-03 22:31:02,24.43,90.57,80.6,88,75,4.23
236,San Quintin,MX,2020-10-03 22:31:03,30.48,-115.95,83.32,38,0,6.26
237,Valreas,FR,2020-10-03 22:31:03,44.38,4.99,55.0,87,90,11.41
238,Yatou,CN,2020-10-03 22:28:08,37.15,122.38,56.86,72,31,7.9
239,Carmo Do Rio Claro,BR,2020-10-03 22:31:03,-20.97,-46.12,80.31,43,49,8.34
240,Khorramshahr,IR,2020-10-03 22:31:03,30.44,48.17,80.6,51,0,6.93
241,Lavrentiya,RU,2020-10-03 22:31:03,65.58,-171.0,38.89,75,95,15.05
242,Whitehorse,CA,2020-10-03 22:28:33,60.72,-135.05,53.6,50,75,16.11
243,Hervey Bay,AU,2020-10-03 22:31:03,-25.3,152.85,73.99,58,27,4.0
244,Tuatapere,NZ,2020-10-03 22:28:42,-46.13,167.68,48.99,96,100,11.01
245,Brindisi,IT,2020-10-03 22:31:03,40.58,17.67,78.01,78,95,25.28
246,Parole,US,2020-10-03 22:31:03,38.98,-76.53,64.99,48,1,6.93
247,Volgorechensk,RU,2020-10-03 22:31:03,57.44,41.16,41.0,100,95,2.24
248,Santiago,CL,2020-10-03 22:31:03,-33.46,-70.65,60.01,51,20,8.05
249,Taoudenni,ML,2020-10-03 22:31:03,22.68,-3.98,90.61,16,0,4.07
250,Marzuq,YE,2020-10-03 22:31:04,14.4,46.47,72.32,33,0,4.56
251,Terney,RU,2020-10-03 22:31:04,45.05,136.61,53.33,62,0,4.76
252,Teguldet,RU,2020-10-03 22:31:04,57.31,88.17,42.62,84,99,9.98
253,Atar,MR,2020-10-03 22:28:09,20.52,-13.05,87.82,23,0,10.38
254,Wuda,CN,2020-10-03 22:31:04,39.5,106.71,36.32,64,0,3.27
255,Lagoa,PT,2020-10-03 22:31:04,39.05,-27.98,69.1,87,86,16.17
256,Tiksi,RU,2020-10-03 22:31:04,71.69,128.87,24.24,96,86,20.8
257,Buala,SB,2020-10-03 22:31:04,-8.14,159.59,84.69,65,0,6.08
258,Bilma,NE,2020-10-03 22:31:04,18.69,12.92,87.3,16,0,2.26
259,Ndende,GA,2020-10-03 22:31:05,-2.4,11.36,74.5,92,98,3.02
260,Iroquois Falls,CA,2020-10-03 22:31:05,48.77,-80.68,41.0,56,75,2.24
261,Pangody,RU,2020-10-03 22:30:05,65.85,74.49,30.4,95,15,19.6
262,Clyde River,CA,2020-10-03 22:31:05,70.47,-68.59,26.6,79,75,2.24
263,Alexandria,EG,2020-10-03 22:28:35,31.22,29.96,77.0,73,0,3.36
264,Songjianghe,CN,2020-10-03 22:31:05,42.19,127.48,44.51,70,14,7.61
265,Jizan,SA,2020-10-03 22:31:05,17.33,42.67,80.6,69,20,3.36
266,Ingham,US,2020-10-03 22:31:05,42.6,-84.38,50.0,61,90,9.17
267,Voh,NC,2020-10-03 22:31:05,-20.97,164.7,77.34,43,0,9.01
268,Qaanaaq,GL,2020-10-03 22:31:05,77.48,-69.36,23.63,89,100,0.54
269,Lakhipur,IN,2020-10-03 22:31:05,26.03,90.3,76.84,91,30,3.04
270,Tabou,CI,2020-10-03 22:31:05,4.42,-7.35,77.34,87,97,8.79
271,Patrocinio,BR,2020-10-03 22:30:00,-18.94,-46.99,80.01,36,0,3.0
272,Maine-Soroa,NE,2020-10-03 22:31:06,13.21,12.02,85.46,49,0,5.61
273,Mount Isa,AU,2020-10-03 22:31:06,-20.73,139.5,75.2,33,43,19.46
274,Narsingi,IN,2020-10-03 22:31:06,18.03,78.43,75.99,63,78,3.0
275,Mar Del Plata,AR,2020-10-03 22:31:06,-38.0,-57.56,45.0,60,75,5.82
276,Pesaro,IT,2020-10-03 22:31:06,43.9,12.89,61.0,65,64,4.0
277,Godhra,IN,2020-10-03 22:31:06,22.75,73.63,75.43,54,81,2.57
278,Alice Springs,AU,2020-10-03 22:30:23,-23.7,133.88,82.4,11,5,20.8
279,Skoghall,SE,2020-10-03 22:31:06,59.32,13.47,55.4,87,85,13.87
280,Flinders,AU,2020-10-03 22:31:06,-34.58,150.86,68.0,72,64,11.99
281,Airai,TL,2020-10-03 22:31:06,-8.93,125.41,66.47,54,92,2.98
282,Sitka,US,2020-10-03 22:31:06,57.05,-135.33,53.6,87,90,3.36
283,Cliza,BO,2020-10-03 22:31:07,-17.6,-65.93,75.2,29,20,13.87
284,Abu Zabad,SD,2020-10-03 22:31:07,12.35,29.25,80.2,53,48,5.14
285,Ajdabiya,LY,2020-10-03 22:31:07,30.76,20.23,83.8,28,0,14.34
286,Karratha,AU,2020-10-03 22:31:07,-20.74,116.85,60.35,34,94,23.38
287,Sao Francisco Do Sul,BR,2020-10-03 22:31:07,-26.24,-48.64,61.0,92,100,1.01
288,Puerto Carreno,CO,2020-10-03 22:29:07,6.19,-67.49,84.47,74,60,3.87
289,Shelui,TZ,2020-10-03 22:31:07,-4.37,34.2,72.64,43,45,16.53
290,Sawakin,SD,2020-10-03 22:31:07,19.11,37.33,83.12,72,0,2.75
291,Lima,PE,2020-10-03 22:30:13,-12.04,-77.03,62.6,82,90,11.41
292,San Jeronimo,PE,2020-10-03 22:31:07,-11.95,-75.28,54.73,57,86,4.76
293,Swan Hill,AU,2020-10-03 22:31:07,-35.34,143.55,80.31,27,58,23.33
294,Belmonte,BR,2020-10-03 22:26:53,-15.86,-38.88,77.0,73,40,12.75
295,Jackson,US,2020-10-03 22:31:08,42.42,-122.83,86.0,22,1,4.09
296,Dabakala,CI,2020-10-03 22:31:08,8.37,-4.43,73.22,94,0,2.84
297,Mahanoro,MG,2020-10-03 22:31:08,-19.9,48.8,70.79,88,75,3.15
298,Bodden Town,KY,2020-10-03 22:31:08,19.28,-81.25,84.0,94,20,11.41
299,Jiazi,CN,2020-10-03 22:31:08,22.88,116.07,76.44,83,88,7.07
300,Klaksvik,FO,2020-10-03 22:28:48,62.23,-6.59,48.2,100,100,1.12
301,Praia Da Vitoria,PT,2020-10-03 22:31:08,38.73,-27.07,70.0,94,75,14.12
302,Tautira,PF,2020-10-03 22:31:08,-17.73,-149.15,84.2,62,20,8.05
303,Gogrial,SS,2020-10-03 22:31:08,8.53,28.1,73.54,91,100,3.0
304,Nizwa,OM,2020-10-03 22:31:08,22.93,57.53,78.4,29,0,1.74
305,Alofi,NU,2020-10-03 22:31:08,-19.06,-169.92,78.8,83,100,17.22
306,Dudinka,RU,2020-10-03 22:30:39,69.41,86.18,24.8,92,41,29.08
307,Waipawa,NZ,2020-10-03 22:31:08,-41.41,175.52,63.0,72,14,21.92
308,Salalah,OM,2020-10-03 22:31:09,17.02,54.09,77.0,65,0,1.12
309,Ambilobe,MG,2020-10-03 22:31:09,-13.2,49.05,70.14,84,19,5.21
310,Hit,IQ,2020-10-03 22:31:09,33.64,42.83,79.23,23,0,9.28
311,Labuhan,ID,2020-10-03 22:31:09,-6.88,112.21,78.35,80,66,10.04
312,Muyuka,CM,2020-10-03 22:31:09,4.29,9.41,77.0,100,40,0.38
313,Tual,ID,2020-10-03 22:31:09,-5.67,132.75,80.82,83,100,21.88
314,Narsaq,GL,2020-10-03 22:31:09,60.92,-46.05,35.6,69,89,5.82
315,Anadyr,RU,2020-10-03 22:31:09,64.75,177.48,32.0,83,75,8.95
316,Mana,GF,2020-10-03 22:31:09,5.66,-53.78,80.01,86,58,9.66
317,Aripuana,BR,2020-10-03 22:31:10,-9.17,-60.63,78.49,76,48,6.15
318,La Rioja,ES,2020-10-03 22:31:10,42.25,-2.5,52.0,87,6,8.5
319,Kayasula,RU,2020-10-03 22:31:10,44.33,45.0,58.62,78,76,10.83
320,Charters Towers,AU,2020-10-03 22:31:10,-20.1,146.27,74.35,54,6,18.63
321,Mackenzie,CA,2020-10-03 22:30:12,55.3,-123.17,68.0,60,20,13.87
322,Lohr,DE,2020-10-03 22:31:10,49.99,9.58,45.0,93,5,3.96
323,Moba,CN,2020-10-03 22:31:10,33.23,105.02,43.16,93,100,6.13
324,Riverton,US,2020-10-03 22:31:10,40.52,-111.94,78.01,23,0,8.05
325,Bethel,US,2020-10-03 22:27:22,41.37,-73.41,60.8,44,1,5.82
326,Toyooka,JP,2020-10-03 22:31:10,35.53,134.83,69.8,77,100,5.82
327,Kasongo-Lunda,CD,2020-10-03 22:31:10,-6.47,16.82,73.89,79,62,0.49
328,Hlotse,LS,2020-10-03 22:31:11,-28.87,28.05,49.01,43,0,2.82
329,Bontang,ID,2020-10-03 22:31:11,0.13,117.5,77.11,87,100,8.34
330,Rudnogorsk,RU,2020-10-03 22:31:11,57.26,103.75,27.14,93,78,4.32
331,Timra,SE,2020-10-03 22:31:11,62.49,17.33,57.0,76,100,9.17
332,Voljevac,BA,2020-10-03 22:31:11,43.88,17.66,80.6,41,40,24.16
333,Naron,ES,2020-10-03 22:31:11,43.52,-8.15,57.2,87,75,6.93
334,Sur,OM,2020-10-03 22:31:11,22.57,59.53,82.08,46,0,3.8
335,Baft,IR,2020-10-03 22:31:11,29.23,56.61,61.34,33,5,4.97
336,Shenjiamen,CN,2020-10-03 22:31:11,29.96,122.3,75.13,87,93,13.13
337,Nouadhibou,MR,2020-10-03 22:31:11,20.93,-17.03,71.6,73,0,23.04
338,Isilkul,RU,2020-10-03 22:31:12,54.91,71.27,39.07,81,59,13.47
339,Banda Aceh,ID,2020-10-03 22:31:12,5.56,95.32,79.12,74,100,8.68
340,Totma,RU,2020-10-03 22:31:12,59.97,42.76,41.95,94,80,3.76
341,Erdenet,MN,2020-10-03 22:31:12,49.03,104.08,20.93,81,0,3.85
342,Auki,SB,2020-10-03 22:31:12,-8.77,160.7,84.97,66,0,2.26
343,Pundaguitan,PH,2020-10-03 22:31:12,6.37,126.17,83.23,75,100,8.95
344,Khasan,RU,2020-10-03 22:31:12,42.43,130.64,53.4,80,0,2.8
345,Amasia,TR,2020-10-03 22:31:12,40.65,35.83,55.4,82,0,3.36
346,San Ramon,US,2020-10-03 22:29:44,37.78,-121.98,100.0,12,1,8.05
347,Huarmey,PE,2020-10-03 22:31:13,-10.07,-78.15,64.0,80,26,11.56
348,Kjollefjord,NO,2020-10-03 22:31:13,70.95,27.35,45.66,81,19,12.19
349,Hofn,IS,2020-10-03 22:31:13,64.25,-15.21,47.64,93,100,11.39
350,Oussouye,SN,2020-10-03 22:31:13,12.48,-16.55,82.4,94,40,6.93
351,Yichun,CN,2020-10-03 22:31:13,47.7,128.9,39.25,89,25,1.7
352,Gamba,GA,2020-10-03 22:31:13,-2.65,10.0,77.16,86,100,6.46
353,Pallasovka,RU,2020-10-03 22:31:13,50.05,46.88,54.46,58,100,6.8
354,Dangriga,BZ,2020-10-03 22:31:13,16.97,-88.23,82.99,83,40,4.7
355,Staryy Nadym,RU,2020-10-03 22:31:13,65.61,72.68,32.02,96,20,18.99
356,Sao Lourenco Da Mata,BR,2020-10-03 22:31:13,-8.0,-35.02,78.8,74,40,12.75
357,Chicama,PE,2020-10-03 22:31:13,-7.84,-79.15,64.76,78,83,8.43
358,Port-Gentil,GA,2020-10-03 22:29:52,-0.72,8.78,78.8,88,40,11.41
359,Turukhansk,RU,2020-10-03 22:31:14,65.82,87.98,42.31,94,100,6.51
360,Dayong,CN,2020-10-03 22:31:14,25.02,118.29,73.4,94,87,2.24
361,Fujin,CN,2020-10-03 22:31:14,47.26,132.03,46.67,78,17,6.42
362,Sao Joao Da Barra,BR,2020-10-03 22:31:14,-21.64,-41.05,77.0,83,40,18.34
363,Verkhnyaya Inta,RU,2020-10-03 22:31:14,65.98,60.31,30.78,96,37,6.02
364,Pisco,PE,2020-10-03 22:31:14,-13.7,-76.22,64.4,77,40,26.4
365,Sirjan,IR,2020-10-03 22:31:14,29.45,55.68,63.32,30,0,6.2
366,Udachnyy,RU,2020-10-03 22:31:14,66.42,112.4,30.2,92,90,6.71
367,Arinos,BR,2020-10-03 22:31:14,-15.92,-46.11,83.46,24,0,1.52
368,Vanimo,PG,2020-10-03 22:31:14,-2.67,141.3,83.28,71,63,7.36
369,Okitipupa,NG,2020-10-03 22:31:14,6.5,4.78,73.27,97,97,1.81
370,Xining,CN,2020-10-03 22:31:14,36.62,101.77,38.68,67,66,2.75
371,Kaitangata,NZ,2020-10-03 22:31:15,-46.28,169.85,51.01,75,100,4.0
372,Riyadh,SA,2020-10-03 22:30:16,24.69,46.72,80.6,30,0,3.36
373,Marsala,IT,2020-10-03 22:31:15,37.8,12.44,73.0,73,41,12.75
374,Sandpoint,US,2020-10-03 22:27:18,48.28,-116.55,75.99,49,1,4.7
375,Toguchin,RU,2020-10-03 22:31:15,55.24,84.39,40.59,81,34,11.12
376,Acapulco,MX,2020-10-03 22:31:15,16.86,-99.89,87.8,70,40,9.17
377,Porangatu,BR,2020-10-03 22:31:15,-13.44,-49.15,88.97,20,0,1.63
378,Camana,PE,2020-10-03 22:31:15,-16.62,-72.71,62.91,74,27,10.02
379,Aklavik,CA,2020-10-03 22:31:15,68.22,-135.01,51.8,81,40,2.24
380,Mahajanga,MG,2020-10-03 22:31:15,-15.72,46.32,77.0,88,20,2.24
381,Chengde,CN,2020-10-03 22:31:16,40.97,117.94,39.58,61,0,7.74
382,Swarzedz,PL,2020-10-03 22:31:16,52.41,17.09,66.0,82,16,10.29
383,Noumea,NC,2020-10-03 22:30:07,-22.28,166.46,73.99,60,75,9.17
384,Samana,DO,2020-10-03 22:31:16,19.21,-69.34,82.4,88,20,4.7
385,Belaya Gora,RU,2020-10-03 22:31:16,68.53,146.42,32.29,75,97,10.09
386,San Policarpo,PH,2020-10-03 22:31:16,12.18,125.51,80.53,82,75,5.28
387,Beaverlodge,CA,2020-10-03 22:31:16,55.22,-119.44,78.8,34,75,12.75
388,Coihaique,CL,2020-10-03 22:27:17,-45.58,-72.07,59.0,26,0,8.05
389,Hameln,DE,2020-10-03 22:31:16,52.1,9.36,51.8,81,20,6.93
390,Quatre Cocos,MU,2020-10-03 22:31:16,-20.21,57.76,71.6,94,75,8.05
391,Ponta Do Sol,PT,2020-10-03 22:31:17,32.67,-17.1,69.8,88,40,16.11
392,Russell,US,2020-10-03 22:31:17,32.35,-85.2,75.2,33,1,4.7
393,Khuzdar,PK,2020-10-03 22:31:11,27.74,66.64,68.76,22,0,3.58
394,Maniitsoq,GL,2020-10-03 22:31:17,65.42,-52.9,32.88,88,90,6.35
395,Camacha,PT,2020-10-03 22:31:17,33.08,-16.33,69.8,83,40,12.75
396,Half Moon Bay,US,2020-10-03 22:30:27,37.46,-122.43,91.99,45,5,6.93
397,Port Hueneme,US,2020-10-03 22:31:17,34.15,-119.2,86.0,65,1,5.82
398,Menzelinsk,RU,2020-10-03 22:31:17,55.73,53.1,42.8,81,40,11.18
399,Yambio,SS,2020-10-03 22:31:17,4.57,28.4,67.46,96,97,5.3
400,Khorramabad,IR,2020-10-03 22:31:17,33.49,48.36,61.14,35,0,3.85
401,Luba,GQ,2020-10-03 22:31:18,3.46,8.55,75.2,100,20,4.7
402,Mapili,PH,2020-10-03 22:31:18,11.11,122.74,78.21,87,76,0.54
403,Brunswick,US,2020-10-03 22:31:18,41.24,-81.84,55.99,47,75,3.13
404,Mehamn,NO,2020-10-03 22:29:50,71.04,27.85,45.45,80,20,13.4
405,Ponta Delgada,PT,2020-10-03 22:31:18,37.73,-25.67,69.8,83,40,11.41
406,Garissa,KE,2020-10-03 22:31:18,-0.45,39.64,74.41,76,83,14.36
407,Verkhoyansk,RU,2020-10-03 22:31:18,67.54,133.38,32.27,81,100,15.21
408,Itaituba,BR,2020-10-03 22:28:48,-4.28,-55.98,87.93,48,50,2.46
409,Sechura,PE,2020-10-03 22:31:18,-5.56,-80.82,66.85,75,40,17.83
410,Rapid Valley,US,2020-10-03 22:31:19,44.06,-103.15,68.0,35,1,4.7
411,Rock Sound,BS,2020-10-03 22:31:19,24.9,-76.2,83.53,78,96,18.45
412,Beloha,MG,2020-10-03 22:31:19,-25.17,45.05,62.94,82,40,9.22
413,Ha Giang,VN,2020-10-03 22:31:19,22.83,104.98,76.53,84,96,0.83
414,Sola,VU,2020-10-03 22:31:19,-13.88,167.55,82.4,74,75,4.7
415,Xichang,CN,2020-10-03 22:31:19,27.9,102.26,71.01,99,90,1.45
416,Fort Abbas,PK,2020-10-03 22:31:19,29.19,72.85,82.49,17,0,7.2
417,Gopalpur,IN,2020-10-03 22:31:19,19.27,84.92,79.25,89,91,6.51
418,Hami,CN,2020-10-03 22:31:19,42.8,93.45,52.9,34,93,5.95
419,Bongaree,AU,2020-10-03 22:31:19,-27.08,153.16,72.0,71,57,10.09
420,Arki,IN,2020-10-03 22:31:19,31.15,76.97,71.6,83,5,5.57
421,Mbini,GQ,2020-10-03 22:31:20,1.57,9.61,77.47,88,100,6.55
422,Isangel,VU,2020-10-03 22:28:35,-19.55,169.27,77.0,73,75,9.17
423,Baculin,PH,2020-10-03 22:31:20,7.45,126.58,82.2,71,77,2.8
424,Vanavara,RU,2020-10-03 22:27:42,60.34,102.28,35.15,95,100,7.9
425,Nantucket,US,2020-10-03 22:31:20,41.28,-70.1,60.8,63,1,8.05
426,Canakkale,TR,2020-10-03 22:31:20,40.08,26.83,60.8,82,35,5.82
427,Waingapu,ID,2020-10-03 22:30:41,-9.66,120.26,79.99,64,98,5.61
428,Naze,JP,2020-10-03 22:31:20,28.37,129.48,78.8,78,20,8.05
429,Portland,US,2020-10-03 22:31:20,45.52,-122.68,80.01,56,0,1.01
430,Saint Anthony,US,2020-10-03 22:28:47,45.02,-93.22,50.0,49,90,4.45
431,Zhangye,CN,2020-10-03 22:31:20,38.93,100.45,42.42,54,0,3.71
432,Innsbruck,AT,2020-10-03 22:31:20,47.26,11.39,46.4,93,20,6.93
433,Cheyenne,US,2020-10-03 22:27:26,41.14,-104.82,66.2,22,1,12.75
434,Brigantine,US,2020-10-03 22:27:24,39.41,-74.36,64.4,45,1,6.93
435,Fort Nelson,CA,2020-10-03 22:31:21,58.81,-122.7,50.0,81,75,2.24
436,Tomatlan,MX,2020-10-03 22:31:21,19.93,-105.25,85.82,60,0,3.6
437,Weligama,LK,2020-10-03 22:31:21,5.97,80.42,78.39,86,100,9.26
438,Terrace,CA,2020-10-03 22:29:57,54.52,-128.6,59.0,93,90,5.82
439,Asau,RO,2020-10-03 22:31:21,46.43,26.4,53.01,93,100,3.83
440,Ferkessedougou,CI,2020-10-03 22:31:21,9.6,-5.2,73.4,95,73,4.12
441,Okha,RU,2020-10-03 22:31:21,53.57,142.95,48.78,90,100,23.76
442,Avallon,FR,2020-10-03 22:31:21,47.48,3.9,51.01,92,100,4.0
443,Rafaela,AR,2020-10-03 22:30:11,-31.25,-61.49,49.44,56,100,13.47
444,Homer,US,2020-10-03 22:31:02,59.64,-151.55,54.0,71,75,9.17
445,Sedro-Woolley,US,2020-10-03 22:31:21,48.5,-122.24,60.8,87,90,6.93
446,Ancud,CL,2020-10-03 22:31:21,-41.87,-73.82,53.6,40,0,6.93
447,Kalangala,UG,2020-10-03 22:31:22,-0.31,32.23,68.0,88,20,9.17
448,Coos Bay,US,2020-10-03 22:31:22,43.37,-124.22,68.0,87,75,14.99
449,Camalu,MX,2020-10-03 22:31:22,30.85,-116.07,89.01,18,0,8.99
450,Carnarvon,AU,2020-10-03 22:31:22,-24.87,113.63,53.6,54,0,16.11
451,Pali,IN,2020-10-03 22:31:22,25.77,73.33,78.46,46,0,5.91
452,Comodoro Rivadavia,AR,2020-10-03 22:31:17,-45.87,-67.5,64.4,18,0,9.17
453,Carupano,VE,2020-10-03 22:31:22,10.67,-63.26,80.1,83,76,10.92
454,Leningradskiy,RU,2020-10-03 22:28:15,69.38,178.42,31.01,96,100,14.0
455,Nanortalik,GL,2020-10-03 22:31:22,60.14,-45.24,35.46,86,93,12.5
456,Puerto Escondido,MX,2020-10-03 22:31:22,15.85,-97.07,86.0,62,40,10.29
457,Nhlangano,SZ,2020-10-03 22:26:41,-27.12,31.2,59.5,99,77,1.79
458,Boyolangu,ID,2020-10-03 22:31:23,-8.12,111.89,75.31,86,100,5.32
459,Toora-Khem,RU,2020-10-03 22:31:23,52.47,96.11,23.85,85,50,1.57
460,Adrar,MR,2020-10-03 22:31:23,20.5,-10.07,86.52,23,0,12.39
461,Thurso,GB,2020-10-03 22:31:23,58.59,-3.53,55.4,93,100,23.04
462,Seoul,KR,2020-10-03 22:30:28,37.57,126.98,62.6,82,90,6.73
463,Shahreza,IR,2020-10-03 22:31:23,32.03,51.88,53.96,42,54,2.06
464,Toropets,RU,2020-10-03 22:31:23,56.5,31.64,52.52,69,85,9.64
465,Lowestoft,GB,2020-10-03 22:31:23,52.48,1.75,55.0,98,97,1.01
466,Ahipara,NZ,2020-10-03 22:31:23,-35.17,173.17,64.09,52,0,3.98
467,Bud,US,2020-10-03 22:31:23,39.45,-86.18,60.8,44,90,3.36
468,Korem,ET,2020-10-03 22:31:23,12.51,39.52,54.66,90,77,2.28
469,Albion,US,2020-10-03 22:31:24,42.24,-84.75,51.01,61,90,4.43
470,Batagay,RU,2020-10-03 22:31:24,67.63,134.63,30.83,84,97,8.77
471,Trinidad,BO,2020-10-03 22:31:24,-14.83,-64.9,91.4,41,90,4.54
472,Luanda,AO,2020-10-03 22:30:27,-8.84,13.23,73.4,83,75,11.41
473,Gberia Fotombu,SL,2020-10-03 22:31:24,9.88,-11.17,69.06,99,100,3.56
474,Evensk,RU,2020-10-03 22:31:24,61.95,159.23,42.91,61,7,4.0
475,George Town,MY,2020-10-03 22:27:08,5.41,100.34,78.8,100,20,3.89
476,Yulara,AU,2020-10-03 22:31:24,-25.24,130.99,68.0,94,90,2.24
477,Turayf,SA,2020-10-03 22:31:24,31.67,38.66,69.8,56,0,6.93
478,Tehachapi,US,2020-10-03 22:31:24,35.13,-118.45,91.0,17,1,16.11
479,Aksu,CN,2020-10-03 22:31:24,41.12,80.26,54.36,42,48,6.46
480,Sussex,US,2020-10-03 22:31:24,41.18,-74.67,60.8,44,1,4.7
481,Oktyabrskoye,RU,2020-10-03 22:31:24,43.06,44.74,51.01,100,95,6.71
482,Matara,LK,2020-10-03 22:31:25,5.95,80.54,78.04,87,100,9.37
483,Bonnyville,CA,2020-10-03 22:31:25,54.27,-110.73,64.4,39,20,9.17
484,Jiwani,PK,2020-10-03 22:31:25,25.05,61.74,83.25,61,0,3.27
485,Boueni,YT,2020-10-03 22:31:25,-12.9,45.08,77.0,83,12,3.36
486,Changji,CN,2020-10-03 22:31:25,44.02,87.32,46.4,45,84,6.71
487,Ziezmariai,LT,2020-10-03 22:31:25,54.8,24.45,60.8,77,98,12.75
488,Santa Maria,BR,2020-10-03 22:31:25,-29.68,-53.81,55.17,81,98,17.11
489,Odweyne,SO,2020-10-03 22:31:25,9.41,45.06,72.37,44,14,2.84
490,Hobyo,SO,2020-10-03 22:29:24,5.35,48.53,80.08,75,63,15.73
491,Buriti Bravo,BR,2020-10-03 22:31:25,-5.84,-43.83,83.03,40,83,1.81
492,Juegang,CN,2020-10-03 22:31:25,32.32,121.19,67.44,93,100,10.07
493,Henties Bay,NA,2020-10-03 22:31:26,-22.12,14.28,55.0,89,5,7.38
494,Kahului,US,2020-10-03 22:31:26,20.89,-156.47,93.2,46,20,23.04
495,Cedar City,US,2020-10-03 22:31:26,37.68,-113.06,82.4,4,1,9.17
496,Riviere-Au-Renard,CA,2020-10-03 22:31:26,49.0,-64.4,51.8,66,75,2.24
497,Broken Hill,AU,2020-10-03 22:31:26,-31.95,141.43,77.0,27,51,18.34
498,Lasa,IT,2020-10-03 22:31:26,46.62,10.7,51.01,100,90,8.05
499,Yumen,CN,2020-10-03 22:31:26,40.28,97.2,33.53,68,32,11.41
500,Hamilton,US,2020-10-03 22:31:26,39.18,-84.53,63.0,48,75,5.82
501,Haapiti,PF,2020-10-03 22:31:26,-17.57,-149.87,84.2,62,20,8.05
502,Werda,BW,2020-10-03 22:31:26,-25.27,23.28,60.93,25,0,9.08
503,Lakselv,NO,2020-10-03 22:31:26,70.05,24.97,50.0,76,13,13.87
504,Leninsk,RU,2020-10-03 22:31:26,48.71,45.2,48.2,34,96,8.95
505,Puerto Del Rosario,ES,2020-10-03 22:31:27,28.5,-13.86,73.4,78,90,10.29
506,Erenhot,CN,2020-10-03 22:31:27,43.65,111.98,32.27,81,0,14.34
507,Ugoofaaru,MV,2020-10-03 22:31:27,5.67,73.0,81.81,73,99,11.03
508,Filingue,NE,2020-10-03 22:31:27,14.35,3.32,84.22,46,100,7.29
509,Mekhe,SN,2020-10-03 22:31:27,15.11,-16.62,87.8,70,13,4.7
510,Imeni Poliny Osipenko,RU,2020-10-03 22:31:27,52.42,136.49,45.19,92,100,11.45
511,Mafinga,TZ,2020-10-03 22:31:27,-7.25,35.07,67.42,60,0,3.91
512,Andenes,NO,2020-10-03 22:31:27,69.31,16.12,46.4,87,0,10.29
513,Vestmannaeyjar,IS,2020-10-03 22:31:27,63.44,-20.27,45.21,82,100,14.25
514,Manokwari,ID,2020-10-03 22:31:28,-0.87,134.08,80.47,78,100,3.65
515,Flin Flon,CA,2020-10-03 22:31:28,54.77,-101.86,51.8,40,75,12.75
516,Myrtle Beach,US,2020-10-03 22:26:59,33.69,-78.89,69.8,56,40,10.29
517,Kismayo,SO,2020-10-03 22:31:28,-0.36,42.55,77.97,83,95,12.26
518,Basco,PH,2020-10-03 22:31:28,20.45,121.97,83.37,78,37,21.23
519,Xai-Xai,MZ,2020-10-03 22:31:28,-25.05,33.64,69.35,86,17,6.38
520,Abalak,RU,2020-10-03 22:31:28,58.13,68.59,30.96,95,37,9.55
521,Lovozero,RU,2020-10-03 22:31:28,68.0,35.01,36.72,92,60,5.01
522,Bourail,NC,2020-10-03 22:31:29,-21.57,165.48,73.8,52,2,10.29
523,Bakel,SN,2020-10-03 22:31:29,14.9,-12.46,83.05,60,98,10.78
524,Lata,PT,2020-10-03 22:31:29,40.16,-8.33,55.0,84,37,1.66
525,Lipin Bor,RU,2020-10-03 22:31:29,60.26,37.98,48.72,94,95,7.25
526,Darhan,MN,2020-10-03 22:31:29,49.49,105.92,25.81,83,0,4.43
527,Madinat Sittah Uktubar,EG,2020-10-03 22:31:29,29.82,31.05,75.2,69,0,11.41
528,Marawi,PH,2020-10-03 22:31:29,8.0,124.29,75.99,89,81,7.0
529,Culebra,PR,2020-10-03 22:31:29,18.3,-65.3,80.6,83,20,8.05
530,Okhotsk,RU,2020-10-03 22:31:29,59.38,143.3,46.81,57,99,6.11
531,Balaipungut,ID,2020-10-03 22:31:29,1.05,101.28,72.45,97,61,0.87
532,Wonthaggi,AU,2020-10-03 22:31:30,-38.6,145.59,70.0,86,98,3.8
533,Mokrous,RU,2020-10-03 22:31:30,51.23,47.52,52.43,64,1,6.13
534,Tiznit,MA,2020-10-03 22:31:30,29.58,-9.5,64.06,67,26,5.35
535,Ust-Kulom,RU,2020-10-03 22:31:30,61.69,53.69,30.63,96,0,3.29
536,Mastic Beach,US,2020-10-03 22:31:30,40.77,-72.85,63.0,51,40,5.82
537,Montepuez,MZ,2020-10-03 22:31:30,-13.13,39.0,67.62,76,1,2.95
538,Mtsensk,RU,2020-10-03 22:31:30,53.28,36.57,49.66,48,72,9.44
539,Bukachacha,RU,2020-10-03 22:31:30,52.98,116.92,31.21,96,71,4.65
540,Dandong,CN,2020-10-03 22:31:14,40.13,124.39,48.92,65,18,10.13
541,Alta Floresta,BR,2020-10-03 22:31:30,-9.88,-56.09,85.12,38,47,3.11
542,Vytegra,RU,2020-10-03 22:31:31,61.01,36.45,50.18,91,98,7.7
543,Huilong,CN,2020-10-03 22:31:31,31.81,121.66,70.0,97,100,17.0
544,Thinadhoo,MV,2020-10-03 22:29:37,0.53,72.93,82.76,75,100,12.08
545,Bousso,TD,2020-10-03 22:31:31,10.48,16.71,77.14,81,75,0.87
546,La Serena,CL,2020-10-03 22:27:32,-29.91,-71.25,57.2,58,87,10.29
547,Tucumcari,US,2020-10-03 22:31:31,35.17,-103.72,73.4,25,1,16.11
548,Ust-Kuyga,RU,2020-10-03 22:28:45,70.02,135.6,28.94,87,92,9.78
549,San Pedro De Macoris,DO,2020-10-03 22:31:31,18.46,-69.3,84.2,70,75,6.93
550,Kushiro,JP,2020-10-03 22:31:31,42.98,144.37,55.4,100,75,1.12
551,Cherepanovo,RU,2020-10-03 22:31:31,54.22,83.38,36.84,82,11,9.4
552,Morondava,MG,2020-10-03 22:31:31,-20.28,44.28,75.15,73,18,2.51
553,Yarmouth,US,2020-10-03 22:31:31,41.71,-70.23,62.6,55,1,4.7
554,Gatton,AU,2020-10-03 22:31:31,-27.55,152.28,69.01,60,75,3.36
555,The Valley,AI,2020-10-03 22:31:32,18.22,-63.06,81.0,94,20,4.7
556,Komatipoort,ZA,2020-10-03 22:31:32,-25.43,31.95,64.99,93,8,1.12
557,Tevriz,RU,2020-10-03 22:31:32,57.51,72.4,32.99,92,69,8.34
558,Palimbang,PH,2020-10-03 22:31:32,6.21,124.19,82.45,71,94,2.42
559,Adre,TD,2020-10-03 22:31:32,13.47,22.2,77.16,68,63,7.07
560,Ust-Maya,RU,2020-10-03 22:31:32,60.42,134.53,30.2,86,0,5.77
561,Chegdomyn,RU,2020-10-03 22:31:32,51.12,133.02,43.36,90,100,3.2
562,Qaqortoq,GL,2020-10-03 22:29:05,60.72,-46.03,35.6,69,77,5.82
563,Sidi Ali,DZ,2020-10-03 22:31:32,36.1,0.42,61.45,62,0,8.93
564,Tobe,JP,2020-10-03 22:31:32,33.74,132.79,71.6,78,75,4.7
565,Namibe,AO,2020-10-03 22:31:32,-15.2,12.15,66.92,69,80,7.99
566,Damaturu,NG,2020-10-03 22:31:33,11.75,11.96,79.99,59,0,4.18
567,Coquimbo,CL,2020-10-03 22:28:03,-29.95,-71.34,57.2,58,90,10.29
568,Ibb,YE,2020-10-03 22:31:33,13.97,44.18,59.99,71,0,0.36
569,Slave Lake,CA,2020-10-03 22:31:33,55.28,-114.77,71.6,35,1,3.36
570,Bela Vista,BR,2020-10-03 22:31:33,-22.11,-56.52,88.88,41,14,9.46
