WeatherPy_Database.csv,City,Country,Date,Lat,Lng,Max Temp,Humidity,Cloudiness,Wind Speed
0,Birao,CF,2020-10-04 03:31:53,10.28,22.79,69.46,92,100,1.9
1,Saint-Philippe,RE,2020-10-04 03:31:49,-21.36,55.77,71.6,73,90,2.24
2,Ancud,CL,2020-10-04 03:31:56,-41.87,-73.82,41.0,86,0,3.36
3,Butaritari,KI,2020-10-04 03:31:39,3.07,172.79,81.5,70,100,7.43
4,Harper,LR,2020-10-04 03:32:06,4.38,-7.72,76.35,88,32,8.75
5,East London,ZA,2020-10-04 03:31:45,-33.02,27.91,62.22,87,87,10.13
6,Ushuaia,AR,2020-10-04 03:31:38,-54.8,-68.3,41.0,80,75,5.82
7,Charters Towers,AU,2020-10-04 03:34:39,-20.1,146.27,84.51,30,28,18.21
8,Leningradskiy,RU,2020-10-04 03:32:10,69.38,178.42,31.24,95,100,14.85
9,Klaksvik,FO,2020-10-04 03:31:53,62.23,-6.59,51.8,100,100,14.99
10,Port Elizabeth,ZA,2020-10-04 03:31:39,-33.92,25.57,60.8,100,90,13.87
11,San Patricio,MX,2020-10-04 03:31:45,19.22,-104.7,76.96,82,0,3.49
12,Zhigansk,RU,2020-10-04 03:32:20,66.77,123.37,32.83,98,100,15.95
13,Mpika,ZM,2020-10-04 03:34:40,-11.83,31.45,61.03,53,0,3.51
14,Troitskoye,RU,2020-10-04 03:34:40,52.98,84.68,47.01,63,22,8.48
15,Matagami,CA,2020-10-04 03:32:28,49.75,-77.63,32.0,95,90,0.78
16,Kaitangata,NZ,2020-10-04 03:31:47,-46.28,169.85,52.0,83,100,1.99
17,Vaini,TO,2020-10-04 03:31:41,-21.2,-175.2,75.2,88,75,12.75
18,Olinda,BR,2020-10-04 03:29:51,-8.01,-34.86,78.8,74,40,5.82
19,Mahebourg,MU,2020-10-04 03:31:48,-20.41,57.7,71.6,94,75,3.36
20,Kapaa,US,2020-10-04 03:31:37,22.08,-159.32,86.0,70,75,9.17
21,Rikitea,PF,2020-10-04 03:31:37,-23.12,-134.97,73.54,78,2,17.49
22,Sioux Lookout,CA,2020-10-04 03:31:58,50.1,-91.92,39.2,64,90,3.36
23,Pevek,RU,2020-10-04 03:32:06,69.7,170.31,34.02,89,98,9.44
24,Saint George,US,2020-10-04 03:29:19,37.1,-113.58,78.8,7,1,5.82
25,Yingkou,CN,2020-10-04 03:34:40,40.66,122.23,55.09,39,0,17.25
26,Carnarvon,AU,2020-10-04 03:31:53,-24.87,113.63,71.6,19,0,20.8
27,Punta Arenas,CL,2020-10-04 03:27:17,-53.15,-70.92,44.6,65,75,10.29
28,Cidreira,BR,2020-10-04 03:32:00,-30.18,-50.21,57.11,88,100,18.3
29,Bredasdorp,ZA,2020-10-04 03:31:55,-34.53,20.04,57.2,87,59,6.93
30,Chicama,PE,2020-10-04 03:31:59,-7.84,-79.15,62.49,86,84,5.01
31,Comodoro Rivadavia,AR,2020-10-04 03:31:51,-45.87,-67.5,55.4,28,0,13.87
32,Busselton,AU,2020-10-04 03:31:39,-33.65,115.33,64.0,45,2,11.74
33,Puerto Ayacucho,VE,2020-10-04 03:34:40,5.66,-67.62,75.34,90,7,3.04
34,Dikson,RU,2020-10-04 03:31:42,73.51,80.55,34.54,97,100,25.28
35,Hovd,MN,2020-10-04 03:34:41,48.01,91.64,41.4,58,0,3.6
36,Port Alfred,ZA,2020-10-04 03:31:45,-33.59,26.89,60.24,86,26,11.03
37,Lebu,CL,2020-10-04 03:31:46,-37.62,-73.65,43.75,83,0,3.02
38,Shakawe,BW,2020-10-04 03:34:41,-18.37,21.85,72.86,32,55,5.39
39,Lompoc,US,2020-10-04 03:28:26,34.64,-120.46,64.4,82,1,4.7
40,Taksimo,RU,2020-10-04 03:34:41,56.34,114.88,38.53,63,0,3.18
41,Albany,US,2020-10-04 03:29:19,42.6,-73.97,44.01,81,0,3.36
42,Souillac,MU,2020-10-04 03:31:49,-20.52,57.52,71.6,94,75,3.36
43,Saint-Pierre,RE,2020-10-04 03:34:41,-21.34,55.48,71.6,73,90,2.24
44,Banjar,ID,2020-10-04 03:31:51,-8.19,114.97,78.8,100,40,3.36
45,Esso,RU,2020-10-04 03:32:03,55.93,158.7,50.92,44,19,3.76
46,Krasnoselkup,RU,2020-10-04 03:31:44,65.7,82.47,30.04,98,100,26.13
47,Norman Wells,CA,2020-10-04 03:31:41,65.28,-126.83,50.0,81,75,2.24
48,Takoradi,GH,2020-10-04 03:34:41,4.88,-1.76,75.38,91,12,6.55
49,Jamestown,US,2020-10-04 03:28:23,42.1,-79.24,45.0,81,90,3.53
50,Lubbock,US,2020-10-04 03:34:41,33.6,-101.83,64.99,41,1,9.17
51,Nishihara,JP,2020-10-04 03:34:41,26.18,127.76,86.0,58,75,13.87
52,Provideniya,RU,2020-10-04 03:32:08,64.38,-173.3,37.0,78,76,10.98
53,Talnakh,RU,2020-10-04 03:31:50,69.49,88.4,26.6,86,0,22.37
54,Puerto Ayora,EC,2020-10-04 03:31:37,-0.74,-90.35,64.99,89,14,1.99
55,Hambantota,LK,2020-10-04 03:34:42,6.12,81.12,84.2,79,20,17.22
56,Barcelona,ES,2020-10-04 03:30:03,41.39,2.16,62.01,54,25,1.12
57,Balud,PH,2020-10-04 03:34:42,10.15,123.7,87.8,66,75,6.93
58,Brownsville,US,2020-10-04 03:34:42,25.9,-97.5,73.99,83,1,4.7
59,Hualmay,PE,2020-10-04 03:34:42,-11.1,-77.61,61.77,86,77,8.77
60,Khorinsk,RU,2020-10-04 03:34:42,52.17,109.77,39.76,62,0,7.05
61,Castro,BR,2020-10-04 03:31:43,-24.79,-50.01,59.58,84,83,13.87
62,Half Moon Bay,US,2020-10-04 03:32:06,37.46,-122.43,69.01,64,5,3.36
63,Oriximina,BR,2020-10-04 03:34:42,-1.77,-55.87,81.66,59,0,3.38
64,Khatanga,RU,2020-10-04 03:31:49,71.97,102.5,25.68,98,99,13.44
65,Honningsvag,NO,2020-10-04 03:34:42,70.98,25.97,47.39,80,1,8.37
66,Kashi,CN,2020-10-04 03:34:42,39.45,75.98,59.0,28,75,6.71
67,Plettenberg Bay,ZA,2020-10-04 03:31:57,-34.05,23.37,55.92,81,0,4.32
68,Glenwood Springs,US,2020-10-04 03:32:05,39.55,-107.32,48.99,24,1,6.93
69,Hilo,US,2020-10-04 03:31:27,19.73,-155.09,82.4,65,1,5.82
70,Faanui,PF,2020-10-04 03:31:42,-16.48,-151.75,78.19,75,42,16.53
71,Mataura,NZ,2020-10-04 03:31:40,-46.19,168.86,48.99,96,100,3.0
72,Vostok,RU,2020-10-04 03:32:23,46.49,135.88,55.62,46,0,4.5
73,Olafsvik,IS,2020-10-04 03:32:01,64.89,-23.71,42.39,84,99,10.74
74,Tasiilaq,GL,2020-10-04 03:31:37,65.61,-37.64,33.8,69,86,2.24
75,Hofn,IS,2020-10-04 03:32:02,64.25,-15.21,47.97,89,100,6.11
76,Camocim,BR,2020-10-04 03:34:43,-2.9,-40.84,74.75,85,4,11.52
77,Cape Town,ZA,2020-10-04 03:31:46,-33.93,18.42,57.0,93,0,1.12
78,Jalu,LY,2020-10-04 03:32:19,29.03,21.55,79.12,32,0,10.96
79,Egvekinot,RU,2020-10-04 03:31:48,66.32,-179.17,30.07,90,89,6.33
80,Polyarnyy,RU,2020-10-04 03:34:43,69.2,33.45,42.8,87,40,4.47
81,Hobart,AU,2020-10-04 03:28:08,-42.88,147.33,51.8,93,75,10.29
82,Fare,PF,2020-10-04 03:34:43,-16.7,-151.02,78.91,75,9,15.37
83,Nakapiripirit,UG,2020-10-04 03:34:43,1.92,34.78,67.08,70,1,2.84
84,New Norfolk,AU,2020-10-04 03:31:40,-42.78,147.06,51.01,92,100,2.73
85,Wanxian,CN,2020-10-04 03:34:44,30.8,108.39,63.82,86,100,6.35
86,Kapit,MY,2020-10-04 03:34:44,2.02,112.93,76.42,93,100,0.38
87,Isangel,VU,2020-10-04 03:34:44,-19.55,169.27,78.8,69,40,11.41
88,Middlebury,US,2020-10-04 03:33:44,44.02,-73.17,46.99,100,90,1.12
89,Kutum,SD,2020-10-04 03:34:44,14.2,24.67,76.24,50,30,3.04
90,Aras,ES,2020-10-04 03:34:44,42.56,-2.36,48.0,93,1,2.24
91,Georgetown,MY,2020-10-04 03:31:40,5.41,100.34,86.0,74,20,4.7
92,Nantucket,US,2020-10-04 03:30:29,41.28,-70.1,62.85,61,0,8.05
93,Hermanus,ZA,2020-10-04 03:31:41,-34.42,19.23,57.99,88,25,8.01
94,Honiara,SB,2020-10-04 03:32:01,-9.43,159.95,87.8,58,20,12.75
95,Luderitz,NA,2020-10-04 03:32:00,-26.65,15.16,53.56,82,0,4.85
96,Airai,TL,2020-10-04 03:31:45,-8.93,125.41,78.89,43,83,5.23
97,Avarua,CK,2020-10-04 03:31:46,-21.21,-159.78,77.0,73,43,11.41
98,Tiksi,RU,2020-10-04 03:31:42,71.69,128.87,25.47,95,94,20.51
99,Constitucion,CL,2020-10-04 03:31:38,-35.33,-72.42,45.0,70,13,8.63
100,Karwar,IN,2020-10-04 03:34:45,14.8,74.13,80.11,80,94,5.73
101,Sur,OM,2020-10-04 03:32:21,22.57,59.53,90.5,33,0,3.06
102,Tuktoyaktuk,CA,2020-10-04 03:31:48,69.45,-133.04,41.0,100,75,8.05
103,Komsomolskiy,UZ,2020-10-04 03:31:54,40.43,71.72,59.0,38,97,2.24
104,Qaanaaq,GL,2020-10-04 03:31:37,77.48,-69.36,20.05,91,99,0.89
105,Jian,CN,2020-10-04 03:34:45,27.12,114.98,69.15,92,100,10.76
106,Salalah,OM,2020-10-04 03:31:47,17.02,54.09,75.2,69,20,6.93
107,Zinacantan,MX,2020-10-04 03:34:45,16.75,-92.7,71.6,78,90,16.11
108,Kodiak,US,2020-10-04 03:32:10,57.79,-152.41,50.0,66,1,4.7
109,Vigrestad,NO,2020-10-04 03:34:45,58.57,5.7,60.01,76,99,8.01
110,Ribeira Grande,PT,2020-10-04 03:31:41,38.52,-28.7,69.42,82,89,13.29
111,Arlit,NE,2020-10-04 03:32:29,18.74,7.39,86.7,43,95,7.0
112,Ukiah,US,2020-10-04 03:30:02,39.15,-123.21,78.8,22,1,4.29
113,Bengkulu,ID,2020-10-04 03:31:45,-3.8,102.27,83.89,69,100,9.35
114,Bend,US,2020-10-04 03:34:45,44.06,-121.32,66.2,32,1,5.82
115,Akdepe,TM,2020-10-04 03:34:46,42.06,59.38,48.2,36,13,6.93
116,Baykit,RU,2020-10-04 03:34:46,61.67,96.37,41.2,88,100,6.22
117,Shingu,JP,2020-10-04 03:30:19,33.73,135.98,77.0,73,75,6.93
118,Yellowknife,CA,2020-10-04 03:31:46,62.46,-114.35,50.0,81,75,11.41
119,Usoke,TZ,2020-10-04 03:34:46,-5.17,32.35,69.8,52,20,5.82
120,Santa Vitoria Do Palmar,BR,2020-10-04 03:34:46,-33.52,-53.37,52.0,73,83,11.05
121,Engerwitzdorf,AT,2020-10-04 03:34:46,48.35,14.44,48.99,91,96,5.41
122,Batagay,RU,2020-10-04 03:34:46,67.63,134.63,37.22,68,93,11.95
123,Bahir Dar,ET,2020-10-04 03:34:46,11.59,37.39,58.82,88,18,4.59
124,Atuona,PF,2020-10-04 03:31:43,-9.8,-139.03,78.33,75,0,21.14
125,Puerto Carreno,CO,2020-10-04 03:34:46,6.19,-67.49,77.32,89,28,4.94
126,Bosobolo,CD,2020-10-04 03:34:47,4.18,19.9,70.14,86,94,1.28
127,Bluff,NZ,2020-10-04 03:31:46,-46.6,168.33,48.99,96,100,3.0
128,Nemuro,JP,2020-10-04 03:31:59,43.32,145.57,68.0,72,75,4.7
129,Poso,ID,2020-10-04 03:34:47,-1.4,120.75,87.91,58,89,7.38
130,Launceston,AU,2020-10-04 03:30:56,-41.45,147.17,64.0,82,90,4.7
131,Batagay-Alyta,RU,2020-10-04 03:31:51,67.8,130.41,30.54,81,100,5.41
132,Torbay,CA,2020-10-04 03:32:00,47.67,-52.73,55.99,93,90,13.87
133,Talara,PE,2020-10-04 03:34:47,-4.58,-81.27,64.83,84,98,17.49
134,Inirida,CO,2020-10-04 03:34:47,3.87,-67.92,73.56,95,40,2.53
135,Saldanha,ZA,2020-10-04 03:31:51,-33.01,17.94,51.8,81,0,2.24
136,Chokurdakh,RU,2020-10-04 03:31:47,70.63,147.92,33.78,85,86,13.62
137,Pindiga,NG,2020-10-04 03:34:47,9.98,10.93,70.03,91,36,2.37
138,Aquiraz,BR,2020-10-04 03:34:47,-3.9,-38.39,78.8,78,40,13.87
139,Karaton,ID,2020-10-04 03:34:47,-6.34,106.1,95.0,58,20,5.82
140,Dhidhdhoo,MV,2020-10-04 03:31:38,6.88,73.1,81.64,73,100,12.48
141,Show Low,US,2020-10-04 03:34:47,34.25,-110.03,60.8,6,1,3.36
142,Alofi,NU,2020-10-04 03:32:06,-19.06,-169.92,77.0,94,100,13.87
143,Bukama,CD,2020-10-04 03:34:48,-9.2,25.85,72.01,71,0,1.54
144,Port Macquarie,AU,2020-10-04 03:31:59,-31.43,152.92,82.4,39,0,14.99
145,Victoria,HK,2020-10-04 03:30:03,22.29,114.16,87.01,71,19,1.01
146,Maceio,BR,2020-10-04 03:29:17,-9.67,-35.74,73.4,88,75,5.82
147,San Jose,US,2020-10-04 03:32:12,37.34,-121.89,77.0,49,75,4.7
148,Chuy,UY,2020-10-04 03:31:40,-33.7,-53.46,51.53,75,77,10.51
149,Manta,EC,2020-10-04 03:30:14,-0.95,-80.73,71.6,88,75,5.82
150,Wladyslawowo,PL,2020-10-04 03:34:48,54.79,18.4,62.01,93,1,12.75
151,Bonthe,SL,2020-10-04 03:32:06,7.53,-12.51,76.78,86,100,5.99
152,Coromandel,BR,2020-10-04 03:34:48,-18.47,-47.2,74.44,24,0,6.38
153,Bethel,US,2020-10-04 03:31:41,41.37,-73.41,46.99,94,0,4.0
154,Correntina,BR,2020-10-04 03:34:48,-13.34,-44.64,69.22,31,0,3.85
155,Vancouver,CA,2020-10-04 03:32:37,49.25,-123.12,59.0,93,20,9.17
156,Pangnirtung,CA,2020-10-04 03:32:15,66.15,-65.71,25.97,93,84,0.81
157,Gornopravdinsk,RU,2020-10-04 03:34:48,60.05,69.9,32.43,93,85,10.71
158,Bandarbeyla,SO,2020-10-04 03:32:20,9.49,50.81,79.83,78,42,14.12
159,Codrington,AU,2020-10-04 03:32:07,-38.27,141.97,57.85,90,100,12.86
160,Aripuana,BR,2020-10-04 03:34:49,-9.17,-60.63,74.88,83,34,0.6
161,Clearwater,US,2020-10-04 03:34:49,27.97,-82.8,73.99,94,75,9.17
162,Zaykovo,RU,2020-10-04 03:34:49,57.56,62.76,35.28,83,0,8.93
163,Manga,BF,2020-10-04 03:34:49,11.66,-1.07,74.86,86,100,4.0
164,Longyearbyen,SJ,2020-10-04 03:31:57,78.22,15.64,35.6,93,75,0.69
165,Moerai,PF,2020-10-04 03:34:49,-22.43,-151.33,76.23,74,73,4.34
166,Touros,BR,2020-10-04 03:32:10,-5.2,-35.46,73.4,100,75,3.36
167,Ahuimanu,US,2020-10-04 03:31:47,21.44,-157.84,82.4,65,20,6.93
168,Ngunguru,NZ,2020-10-04 03:34:50,-35.62,174.5,61.88,54,0,6.11
169,Port Hardy,CA,2020-10-04 03:31:44,50.7,-127.42,57.2,93,90,4.54
170,Hasaki,JP,2020-10-04 03:31:49,35.73,140.83,80.01,64,75,2.24
171,Keningau,MY,2020-10-04 03:34:50,5.34,116.16,78.8,94,40,4.7
172,Youghal,IE,2020-10-04 03:34:50,51.95,-7.85,46.0,93,20,12.75
173,Kununurra,AU,2020-10-04 03:31:46,-15.77,128.73,95.0,41,33,6.93
174,Kruisfontein,ZA,2020-10-04 03:31:38,-34.0,24.73,57.99,97,86,3.13
175,Boa Vista,BR,2020-10-04 03:34:50,2.82,-60.67,82.4,69,20,5.82
176,Pampierstad,ZA,2020-10-04 03:34:50,-27.78,24.69,37.47,75,0,0.54
177,Sinnamary,GF,2020-10-04 03:32:29,5.38,-52.95,78.89,88,24,8.88
178,Barmer,IN,2020-10-04 03:34:50,25.75,71.38,85.6,43,0,9.24
179,Kautokeino,NO,2020-10-04 03:34:50,69.01,23.04,39.52,92,95,11.9
180,Tahta,EG,2020-10-04 03:34:51,26.77,31.5,75.2,50,0,9.17
181,High Level,CA,2020-10-04 03:34:51,58.52,-117.14,55.4,71,75,2.35
182,Beyneu,KZ,2020-10-04 03:32:21,45.32,55.2,60.64,33,0,4.0
183,Bambous Virieux,MU,2020-10-04 03:31:41,-20.34,57.76,73.99,94,75,3.36
184,Mayo,US,2020-10-04 03:32:11,38.89,-76.51,53.6,100,1,2.1
185,Mazyr,BY,2020-10-04 03:34:51,52.05,29.25,57.83,76,96,14.23
186,Yarmouth,US,2020-10-04 03:34:51,41.71,-70.23,55.0,93,1,6.64
187,Jiuquan,CN,2020-10-04 03:34:51,39.74,98.52,48.45,41,14,7.07
188,Akhtubinsk,RU,2020-10-04 03:34:51,48.28,46.17,55.06,36,100,7.27
189,Sinazongwe,ZM,2020-10-04 03:34:51,-17.26,27.46,74.34,45,28,3.49
190,Nikolskoye,RU,2020-10-04 03:31:54,59.7,30.79,53.01,76,72,8.95
191,Dalvik,IS,2020-10-04 03:34:51,65.97,-18.53,37.4,100,90,3.36
192,Robertsport,LR,2020-10-04 03:34:51,6.75,-11.37,76.87,86,100,5.93
193,Dourbali,TD,2020-10-04 03:34:52,11.81,15.86,80.24,64,76,5.19
194,Kahului,US,2020-10-04 03:31:48,20.89,-156.47,87.8,55,20,17.22
195,Esperance,AU,2020-10-04 03:31:56,-33.87,121.9,59.0,67,75,17.22
196,Fez,MA,2020-10-04 03:34:52,34.04,-5.0,57.2,76,75,2.24
197,Nanortalik,GL,2020-10-04 03:31:59,60.14,-45.24,35.42,85,100,8.99
198,Katangli,RU,2020-10-04 03:31:46,51.71,143.23,49.86,90,98,19.17
199,Piacabucu,BR,2020-10-04 03:32:05,-10.41,-36.43,73.06,86,79,7.36
200,Sao Joao Da Barra,BR,2020-10-04 03:31:51,-21.64,-41.05,75.25,85,99,15.14
201,Potosi,BO,2020-10-04 03:34:52,-19.58,-65.75,43.34,78,99,7.52
202,Barrow,US,2020-10-04 03:31:37,71.29,-156.79,33.8,86,90,11.41
203,Leeton,AU,2020-10-04 03:34:52,-34.57,146.4,89.6,19,22,23.04
204,Severo-Kurilsk,RU,2020-10-04 03:31:43,50.68,156.12,49.84,74,100,7.25
205,Fairbanks,US,2020-10-04 03:30:01,64.84,-147.72,51.8,53,1,8.05
206,San Ramon De La Nueva Oran,AR,2020-10-04 03:34:52,-23.13,-64.33,61.38,51,98,3.27
207,Mount Gambier,AU,2020-10-04 03:32:09,-37.83,140.77,53.6,100,90,20.8
208,Aksarka,RU,2020-10-04 03:34:52,66.56,67.8,33.19,93,88,11.25
209,Ulladulla,AU,2020-10-04 03:32:16,-35.35,150.47,86.0,30,48,10.29
210,Makakilo City,US,2020-10-04 03:34:53,21.35,-158.09,89.6,46,75,6.93
211,Merauke,ID,2020-10-04 03:32:02,-8.47,140.33,85.1,72,42,15.64
212,Kaeo,NZ,2020-10-04 03:32:03,-35.1,173.78,62.76,55,0,6.06
213,Amapa,BR,2020-10-04 03:32:04,1.0,-52.0,73.13,91,0,3.24
214,Deputatskiy,RU,2020-10-04 03:34:53,69.3,139.9,26.74,92,41,11.83
215,Bonavista,CA,2020-10-04 03:34:53,48.65,-53.11,54.0,86,100,5.99
216,Yulara,AU,2020-10-04 03:31:46,-25.24,130.99,64.4,82,75,14.99
217,Tefe,BR,2020-10-04 03:34:53,-3.35,-64.71,74.53,91,77,0.22
218,Minna,NG,2020-10-04 03:34:53,9.61,6.56,71.24,85,58,2.68
219,Vao,NC,2020-10-04 03:31:56,-22.67,167.48,69.98,77,24,25.26
220,Wanning,CN,2020-10-04 03:34:53,18.8,110.4,86.43,67,91,6.31
221,The Valley,AI,2020-10-04 03:34:53,18.22,-63.06,82.4,78,20,10.29
222,Langsa,ID,2020-10-04 03:33:46,4.47,97.97,91.62,54,94,1.57
223,Dwarka,IN,2020-10-04 03:32:09,22.24,68.97,83.3,68,0,8.79
224,Bundaberg,AU,2020-10-04 03:34:53,-24.85,152.35,78.8,27,10,14.99
225,Hithadhoo,MV,2020-10-04 03:31:43,-0.6,73.08,83.52,74,98,8.21
226,Port Blair,IN,2020-10-04 03:31:45,11.67,92.75,80.6,88,75,4.7
227,Fukue,JP,2020-10-04 03:34:53,32.69,128.84,78.8,69,75,6.93
228,Atar,MR,2020-10-04 03:32:29,20.52,-13.05,81.79,30,0,4.99
229,Salinopolis,BR,2020-10-04 03:34:54,-0.61,-47.36,79.75,79,73,10.71
230,Safaga,EG,2020-10-04 03:34:54,26.73,33.94,77.0,53,0,11.41
231,Roebourne,AU,2020-10-04 03:34:54,-20.78,117.13,80.44,16,8,22.08
232,Sorong,ID,2020-10-04 03:32:19,-0.88,131.25,82.94,75,75,4.54
233,Ontario,US,2020-10-04 03:34:54,34.06,-117.65,82.0,21,1,4.7
234,Mao,ES,2020-10-04 03:32:12,39.89,4.27,66.2,63,0,10.29
235,Cherskiy,RU,2020-10-04 03:31:47,68.75,161.3,34.72,78,43,10.94
236,Bryant,US,2020-10-04 03:34:54,34.6,-92.49,61.0,82,20,5.26
237,Verkhnevilyuysk,RU,2020-10-04 03:32:02,63.45,120.32,36.43,81,100,10.0
238,Khuzdar,PK,2020-10-04 03:34:54,27.74,66.64,76.86,17,0,2.53
239,Hirara,JP,2020-10-04 03:32:24,24.8,125.28,86.0,66,20,9.17
240,Ucluelet,CA,2020-10-04 03:32:20,48.93,-125.55,59.0,90,44,3.74
241,Kavaratti,IN,2020-10-04 03:31:44,10.57,72.64,82.4,74,40,6.93
242,Vardo,NO,2020-10-04 03:32:04,70.37,31.11,47.08,82,61,24.92
243,Bone,DE,2020-10-04 03:34:55,51.97,12.14,46.99,95,22,4.92
244,Berlevag,NO,2020-10-04 03:32:21,70.86,29.09,44.78,82,32,15.3
245,Peniche,PT,2020-10-04 03:34:55,39.36,-9.38,59.0,87,52,11.01
246,Inhambane,MZ,2020-10-04 03:31:50,-23.86,35.38,73.26,83,87,10.49
247,Suntar,RU,2020-10-04 03:32:24,62.14,117.63,36.93,79,98,9.71
248,Asau,RO,2020-10-04 03:34:55,46.43,26.4,51.01,93,56,3.11
249,Segou,ML,2020-10-04 03:34:55,13.43,-6.22,77.41,77,100,7.27
250,Abu Zabad,SD,2020-10-04 03:34:55,12.35,29.25,77.02,73,100,8.88
251,Belaya Gora,RU,2020-10-04 03:34:55,68.53,146.42,37.09,67,77,7.34
252,Acapulco,MX,2020-10-04 03:32:00,16.86,-99.89,79.34,79,64,3.94
253,Luganville,VU,2020-10-04 03:32:03,-15.53,167.17,80.6,74,75,5.82
254,Biak,ID,2020-10-04 03:31:49,-0.91,122.88,83.35,70,100,6.6
255,Bathsheba,BB,2020-10-04 03:32:18,13.22,-59.52,80.6,83,40,9.17
256,Aklavik,CA,2020-10-04 03:29:59,68.22,-135.01,46.4,81,75,2.24
257,Potsdam,DE,2020-10-04 03:34:55,52.4,13.07,55.99,84,92,3.98
258,Santa Lucia,ES,2020-10-04 03:34:56,27.91,-15.54,75.0,83,75,13.87
259,Wageningen,NL,2020-10-04 03:31:09,51.97,5.67,53.01,93,90,10.29
260,Faya,SA,2020-10-04 03:32:20,18.39,42.45,57.2,26,0,5.1
261,Grafton,US,2020-10-04 03:31:58,42.21,-71.69,48.0,90,0,3.78
262,Strenci,LV,2020-10-04 03:34:56,57.63,25.69,57.0,85,100,7.0
263,Mitu,CO,2020-10-04 03:34:56,1.2,-70.17,72.09,95,38,1.16
264,Ippy,CF,2020-10-04 03:34:56,6.27,21.22,68.23,96,100,1.66
265,Sao Filipe,CV,2020-10-04 03:31:46,14.9,-24.5,78.12,78,16,7.11
266,Naze,JP,2020-10-04 03:34:52,28.37,129.48,84.2,66,20,11.41
267,Imbituba,BR,2020-10-04 03:34:56,-28.24,-48.67,59.0,100,75,5.82
268,Sitka,US,2020-10-04 03:32:13,57.05,-135.33,53.6,87,75,6.93
269,Padang,ID,2020-10-04 03:31:40,-0.95,100.35,85.24,62,72,3.74
270,Manacapuru,BR,2020-10-04 03:34:56,-3.3,-60.62,78.8,94,8,2.98
271,Dordrecht,NL,2020-10-04 03:30:21,51.81,4.67,52.0,91,92,1.99
272,Chumikan,RU,2020-10-04 03:32:00,54.72,135.31,46.49,68,100,4.18
273,Sisimiut,GL,2020-10-04 03:34:57,66.94,-53.67,28.0,88,0,8.66
274,Hat Yai,TH,2020-10-04 03:34:08,7.01,100.48,86.0,70,75,5.88
275,Sarangani,PH,2020-10-04 03:32:12,5.4,125.46,84.85,75,100,13.91
276,Orange Cove,US,2020-10-04 03:34:57,36.62,-119.31,77.0,50,1,5.44
277,Alice Springs,AU,2020-10-04 03:31:40,-23.7,133.88,91.4,15,40,19.46
278,Zeya,RU,2020-10-04 03:32:16,53.75,127.27,46.45,65,100,11.9
279,Kamenka,RU,2020-10-04 03:34:57,51.32,42.77,51.19,63,79,6.02
280,Vanavara,RU,2020-10-04 03:34:57,60.34,102.28,38.32,90,97,7.87
281,Mezen,RU,2020-10-04 03:34:57,65.85,44.24,31.3,98,0,5.35
282,Ponta Do Sol,PT,2020-10-04 03:31:50,32.67,-17.1,69.8,77,40,10.29
283,Kungurtug,RU,2020-10-04 03:34:57,50.6,97.52,42.21,49,0,0.98
284,Teguldet,RU,2020-10-04 03:34:58,57.31,88.17,46.9,68,100,11.63
285,Westport,US,2020-10-04 03:34:58,41.14,-73.36,53.6,71,1,4.7
286,Bubaque,GW,2020-10-04 03:34:58,11.28,-15.83,80.53,79,100,11.01
287,Pekan,MY,2020-10-04 03:34:58,3.48,103.4,87.8,70,20,3.36
288,Urmary,RU,2020-10-04 03:34:58,55.68,47.94,39.2,93,40,6.71
289,Hukuntsi,BW,2020-10-04 03:34:58,-24.0,21.75,54.14,32,37,7.78
290,Ketchikan,US,2020-10-04 03:33:04,55.34,-131.65,53.6,93,75,6.93
291,Elat,IL,2020-10-04 03:34:58,29.56,34.95,75.2,53,0,11.41
292,Savannah Bight,HN,2020-10-04 03:34:58,16.45,-85.85,84.43,70,99,6.51
293,Orange,US,2020-10-04 03:29:58,33.7,-117.77,75.99,73,1,5.82
294,Mikhaylovka,RU,2020-10-04 03:34:58,50.06,43.24,46.99,53,95,6.76
295,Mamlyutka,KZ,2020-10-04 03:34:58,54.94,68.54,37.4,74,90,13.42
296,Almaty,KZ,2020-10-04 03:34:58,43.25,76.95,53.6,54,75,3.65
297,Beringovskiy,RU,2020-10-04 03:32:10,63.05,179.32,34.48,90,100,13.96
298,Vestmannaeyjar,IS,2020-10-04 03:31:59,63.44,-20.27,44.65,84,94,9.06
299,Destin,US,2020-10-04 03:34:59,30.39,-86.5,68.0,64,1,3.36
300,Eydhafushi,MV,2020-10-04 03:34:59,5.1,73.07,80.92,77,97,12.97
301,Atambua,ID,2020-10-04 03:34:59,-9.11,124.89,87.58,43,55,0.2
302,Alyangula,AU,2020-10-04 03:34:59,-13.85,136.42,89.6,49,75,11.41
303,Pangai,TO,2020-10-04 03:34:59,-19.8,-174.35,78.8,83,90,18.34
304,Chipinge,ZW,2020-10-04 03:31:58,-20.19,32.62,63.59,68,16,3.51
305,Flinders,AU,2020-10-04 03:32:19,-34.58,150.86,82.0,57,15,4.0
306,Felipe Carrillo Puerto,MX,2020-10-04 03:34:59,19.58,-88.05,73.78,92,100,6.4
307,Rawson,AR,2020-10-04 03:34:59,-43.3,-65.1,48.36,51,0,20.45
308,Susehri,TR,2020-10-04 03:34:59,40.16,38.09,52.65,66,0,2.75
309,Ponnani,IN,2020-10-04 03:34:59,10.77,75.93,77.0,83,40,3.18
310,Aberdeen,GB,2020-10-04 03:34:59,57.14,-2.1,55.4,93,100,18.34
311,Pratapgarh,IN,2020-10-04 03:34:59,24.03,74.78,81.25,48,99,5.66
312,Margate,GB,2020-10-04 03:31:51,51.38,1.39,52.0,92,100,5.01
313,Ihosy,MG,2020-10-04 03:35:00,-22.4,46.12,65.55,79,74,5.97
314,Voi,KE,2020-10-04 03:35:00,-3.39,38.56,69.67,78,82,6.22
315,Aksu,CN,2020-10-04 03:32:04,41.12,80.26,62.85,29,43,3.58
316,Nokaneng,BW,2020-10-04 03:35:00,-19.67,22.27,73.87,32,41,7.0
317,Kropotkin,RU,2020-10-04 03:35:00,45.44,40.58,57.09,80,12,10.42
318,Cayenne,GF,2020-10-04 03:30:05,4.93,-52.33,77.0,100,23,2.24
319,Chifeng,CN,2020-10-04 03:35:00,42.27,118.96,53.69,41,0,24.54
320,Lagoa,PT,2020-10-04 03:31:40,39.05,-27.98,69.8,84,96,12.95
321,Myre,NO,2020-10-04 03:35:00,69.1,15.95,46.99,81,0,5.82
322,Areia Branca,BR,2020-10-04 03:35:00,-4.96,-37.14,74.21,75,66,12.93
323,Pokaran,IN,2020-10-04 03:35:00,26.92,71.92,88.54,39,0,9.91
324,Porto Novo,BJ,2020-10-04 03:35:00,6.5,2.6,78.8,83,40,9.17
325,Lorengau,PG,2020-10-04 03:32:16,-2.02,147.27,86.4,66,87,10.49
326,Upernavik,GL,2020-10-04 03:31:51,72.79,-56.15,28.72,92,28,4.36
327,Lavrentiya,RU,2020-10-04 03:32:18,65.58,-171.0,36.81,80,96,15.77
328,Arraial Do Cabo,BR,2020-10-04 03:31:44,-22.97,-42.03,75.2,94,75,5.82
329,Arkhangelsk,RU,2020-10-04 03:35:01,64.54,40.54,30.2,100,1,4.47
330,Zyryanka,RU,2020-10-04 03:35:01,65.75,150.85,40.05,66,0,10.89
331,Santa Luzia,BR,2020-10-04 03:35:01,-19.77,-43.85,78.8,39,0,3.36
332,Tambura,SS,2020-10-04 03:32:30,5.6,27.47,67.8,96,90,3.31
333,Santa Maria,BR,2020-10-04 03:35:01,-29.68,-53.81,55.74,86,100,16.55
334,Laguna,US,2020-10-04 03:32:25,38.42,-121.42,79.0,53,1,6.06
335,Yelizovo,RU,2020-10-04 03:35:02,53.19,158.38,53.6,66,70,15.66
336,Ukrayinka,UA,2020-10-04 03:35:02,47.92,35.35,53.6,81,34,4.47
337,Soubre,CI,2020-10-04 03:35:02,5.79,-6.61,69.3,98,33,0.58
338,Whitianga,NZ,2020-10-04 03:32:30,-36.83,175.7,65.97,59,0,8.66
339,Abu Samrah,SY,2020-10-04 03:32:15,35.3,37.18,62.92,84,1,7.4
340,Praia,CV,2020-10-04 03:32:03,14.92,-23.51,78.8,74,40,9.17
341,Sungairaya,ID,2020-10-04 03:35:02,0.7,108.9,83.35,72,99,0.29
342,Frontera Comalapa,MX,2020-10-04 03:35:02,15.65,-92.13,67.51,82,100,2.77
343,Copiapo,CL,2020-10-04 03:31:55,-27.37,-70.33,51.8,81,98,2.24
344,Tuatapere,NZ,2020-10-04 03:31:56,-46.13,167.68,48.99,96,100,3.0
345,Havre,FR,2020-10-04 03:35:03,49.58,0.33,53.6,81,100,32.21
346,Iskateley,RU,2020-10-04 03:31:57,67.68,53.15,33.57,91,98,9.4
347,San Diego,US,2020-10-04 03:31:31,32.72,-117.16,78.8,65,1,1.07
348,Puerto Madero,MX,2020-10-04 03:35:03,14.72,-92.42,77.0,100,75,12.26
349,Mnogovershinnyy,RU,2020-10-04 03:32:23,53.94,139.92,42.8,94,100,13.53
350,Katherine,AU,2020-10-04 03:35:03,-14.47,132.27,93.2,30,100,5.82
351,Kavieng,PG,2020-10-04 03:32:07,-2.57,150.8,84.65,72,82,9.17
352,Athabasca,CA,2020-10-04 03:35:03,54.72,-113.29,55.87,71,53,8.52
353,Hobyo,SO,2020-10-04 03:31:53,5.35,48.53,78.06,81,100,11.43
354,Kingston,JM,2020-10-04 03:35:02,18.0,-76.79,82.4,78,20,16.11
355,Anloga,GH,2020-10-04 03:35:03,5.79,0.9,77.0,88,20,4.7
356,Stromness,GB,2020-10-04 03:35:04,58.97,-3.3,55.4,87,100,25.28
357,Paramonga,PE,2020-10-04 03:35:04,-10.67,-77.83,62.06,87,99,7.63
358,Haines Junction,CA,2020-10-04 03:35:04,60.75,-137.51,40.75,75,37,5.46
359,Halvad,IN,2020-10-04 03:35:04,23.02,71.18,84.51,61,0,10.4
360,Sao Jose Da Coroa Grande,BR,2020-10-04 03:32:10,-8.9,-35.15,74.03,82,60,6.35
361,Mountain Home,US,2020-10-04 03:35:04,43.13,-115.69,60.8,41,1,1.68
362,Vila Do Maio,CV,2020-10-04 03:35:04,15.13,-23.22,78.8,74,40,9.17
363,Pacific Grove,US,2020-10-04 03:29:10,36.62,-121.92,71.01,72,1,5.82
364,Taoudenni,ML,2020-10-04 03:32:28,22.68,-3.98,84.96,18,0,3.58
365,Flin Flon,CA,2020-10-04 03:35:04,54.77,-101.86,40.51,73,97,7.65
366,Akyab,MM,2020-10-04 03:35:05,20.15,92.9,84.99,79,60,11.34
367,Ust-Koksa,RU,2020-10-04 03:35:05,50.27,85.61,46.24,53,0,2.19
368,Southport,GB,2020-10-04 03:31:59,53.65,-3.01,50.0,83,100,9.71
369,Opuwo,NA,2020-10-04 03:35:05,-18.06,13.84,59.13,33,63,1.25
370,Saskylakh,RU,2020-10-04 03:31:45,71.92,114.08,24.24,95,100,15.26
371,Soyo,AO,2020-10-04 03:32:23,-6.13,12.37,75.6,83,100,8.79
372,Inuvik,CA,2020-10-04 03:35:05,68.35,-133.72,46.4,81,75,2.24
373,Nyurba,RU,2020-10-04 03:32:23,63.28,118.33,35.58,84,100,10.09
374,Miami,US,2020-10-04 03:34:15,25.77,-80.19,82.99,88,75,15.05
375,Baglung,NP,2020-10-04 03:35:05,28.27,83.59,80.53,51,5,2.86
376,Ipixuna,BR,2020-10-04 03:35:05,-1.76,-48.8,75.2,94,76,4.85
377,Usolye-Sibirskoye,RU,2020-10-04 03:35:05,52.75,103.65,43.7,54,15,4.14
378,Quatre Cocos,MU,2020-10-04 03:31:53,-20.21,57.76,73.99,94,75,3.36
379,Gudari,IN,2020-10-04 03:35:05,19.35,83.78,83.82,80,100,4.41
380,Coxim,BR,2020-10-04 03:35:06,-18.51,-54.76,85.5,19,1,1.34
381,Lugovoy,KZ,2020-10-04 03:35:06,42.95,72.76,60.71,32,0,2.82
382,Indianola,US,2020-10-04 03:35:06,41.36,-93.56,45.0,93,63,2.51
383,Santa Cruz,BO,2020-10-04 03:35:06,-17.8,-63.17,77.0,73,40,5.82
384,Ust-Maya,RU,2020-10-04 03:35:06,60.42,134.53,38.66,66,0,5.99
385,Cabo San Lucas,MX,2020-10-04 03:31:37,22.89,-109.91,84.2,58,5,8.32
386,Cockburn Town,TC,2020-10-04 03:31:57,21.46,-71.14,83.46,76,94,21.94
387,Meulaboh,ID,2020-10-04 03:32:20,4.14,96.13,86.09,59,100,6.85
388,Port Shepstone,ZA,2020-10-04 03:35:06,-30.74,30.45,64.36,91,98,16.6
389,Acari,PE,2020-10-04 03:35:06,-15.43,-74.62,62.13,71,81,4.74
390,Yanam,IN,2020-10-04 03:35:06,16.73,82.22,78.8,94,90,8.05
391,Mangai,CD,2020-10-04 03:31:56,-4.05,19.53,70.29,97,100,4.21
392,Samur,RU,2020-10-04 03:35:06,41.83,48.49,61.99,69,49,4.52
393,Gibara,CU,2020-10-04 03:35:07,21.11,-76.13,80.6,83,20,10.29
394,Bowen,AU,2020-10-04 03:33:18,-20.02,148.23,80.6,44,40,19.46
395,Wloclawek,PL,2020-10-04 03:35:07,52.65,19.07,64.31,75,64,18.16
396,Narsaq,GL,2020-10-04 03:31:38,60.92,-46.05,33.8,55,98,2.08
397,Namatanai,PG,2020-10-04 03:35:07,-3.67,152.43,83.17,78,73,11.21
398,Houma,US,2020-10-04 03:32:00,29.6,-90.72,57.99,86,39,1.52
399,Guerrero Negro,MX,2020-10-04 03:31:45,27.98,-114.06,76.95,55,0,12.08
400,Samana,DO,2020-10-04 03:35:07,19.21,-69.34,75.2,84,70,4.05
401,Kutahya,TR,2020-10-04 03:35:07,39.42,29.98,41.0,86,49,2.24
402,Diamantino,BR,2020-10-04 03:35:07,-14.41,-56.45,82.87,28,4,1.83
403,Korla,CN,2020-10-04 03:32:20,41.76,86.15,62.22,26,0,5.59
404,Sri Aman,MY,2020-10-04 03:35:07,1.24,111.46,84.2,79,40,1.19
405,Las Palmas,ES,2020-10-04 03:35:07,28.42,-14.01,71.6,88,90,10.29
406,Husavik,IS,2020-10-04 03:31:51,66.04,-17.34,37.4,100,90,3.36
407,Furano,JP,2020-10-04 03:35:07,43.28,142.47,64.4,34,75,9.17
408,Katsuura,JP,2020-10-04 03:31:48,35.13,140.3,80.01,78,75,4.7
409,Edmundston,CA,2020-10-04 03:35:08,47.37,-68.33,43.0,75,90,5.82
410,Solwezi,ZM,2020-10-04 03:35:08,-12.17,26.39,56.55,40,0,4.29
411,Zhanaozen,KZ,2020-10-04 03:35:08,43.3,52.8,57.79,33,20,9.08
412,Pisco,PE,2020-10-04 03:32:04,-13.7,-76.22,63.0,82,19,4.7
413,Hermon,US,2020-10-04 03:35:08,44.81,-68.91,42.01,93,20,1.79
414,Svetlaya,RU,2020-10-04 03:35:08,46.54,138.33,60.6,51,0,12.75
415,Bisira,PA,2020-10-04 03:30:08,8.52,-81.71,59.79,100,100,2.68
416,Praia Da Vitoria,PT,2020-10-04 03:35:08,38.73,-27.07,69.01,100,75,11.72
417,Isla Mujeres,MX,2020-10-04 03:35:08,21.23,-86.73,80.6,83,90,19.46
418,Kambove,CD,2020-10-04 03:35:08,-10.88,26.6,60.39,38,0,5.03
419,Viisoara,RO,2020-10-04 03:35:08,46.55,23.92,61.0,93,75,10.29
420,Dingle,PH,2020-10-04 03:31:58,11.0,122.67,87.33,70,57,4.52
421,Mount Isa,AU,2020-10-04 03:30:39,-20.73,139.5,87.8,23,0,12.75
422,Shoranur,IN,2020-10-04 03:35:08,10.77,76.28,77.0,83,40,3.8
423,Eyl,SO,2020-10-04 03:35:08,7.98,49.82,80.28,74,29,13.06
424,Watsa,CD,2020-10-04 03:35:09,3.04,29.54,62.49,100,74,2.13
425,Carutapera,BR,2020-10-04 03:35:09,-1.2,-46.02,78.46,82,16,7.61
426,Aykhal,RU,2020-10-04 03:32:24,66.0,111.5,30.2,100,90,6.71
427,Belsand,IN,2020-10-04 03:35:09,26.45,85.4,82.53,78,84,4.52
428,Youhao,CN,2020-10-04 03:35:09,47.87,128.83,53.6,58,100,4.29
429,Nesna,NO,2020-10-04 03:35:09,66.2,13.02,53.6,66,40,9.17
430,Madison,US,2020-10-04 03:30:12,34.73,-86.57,55.99,87,1,2.35
431,Montepuez,MZ,2020-10-04 03:35:09,-13.13,39.0,67.64,79,28,4.9
432,Malanje,AO,2020-10-04 03:35:09,-9.54,16.34,66.15,91,88,3.33
433,Tual,ID,2020-10-04 03:35:09,-5.67,132.75,79.84,83,100,12.24
434,Puerto Narino,CO,2020-10-04 03:32:14,-3.77,-70.38,75.2,100,75,1.19
435,Katsina,NG,2020-10-04 03:35:09,12.99,7.6,76.82,65,100,2.82
436,Parati,BR,2020-10-04 03:35:10,-23.22,-44.71,73.42,86,79,3.96
437,Tateyama,JP,2020-10-04 03:32:07,34.98,139.87,80.01,73,75,8.05
438,Ust-Kulom,RU,2020-10-04 03:35:10,61.69,53.69,32.23,95,17,3.33
439,Kapustin Yar,RU,2020-10-04 03:35:10,48.58,45.74,54.48,39,100,7.87
440,Gbadolite,CD,2020-10-04 03:35:10,4.28,21.02,68.81,90,86,1.5
441,Sibolga,ID,2020-10-04 03:32:03,1.74,98.78,87.3,57,58,4.05
442,Tuy Hoa,VN,2020-10-04 03:31:44,13.08,109.3,88.48,62,100,4.88
443,Shu,KZ,2020-10-04 03:35:10,43.6,73.76,60.76,33,21,4.36
444,Yamada,JP,2020-10-04 03:35:10,39.47,141.95,70.32,78,100,4.0
445,San Ignacio,BZ,2020-10-04 03:32:13,17.16,-89.07,75.99,80,99,4.76
446,Nuuk,GL,2020-10-04 03:32:15,64.18,-51.72,30.2,80,37,6.93
447,Hushitai,CN,2020-10-04 03:35:10,41.93,123.51,53.6,32,0,8.95
448,Petropavlovka,RU,2020-10-04 03:35:10,50.61,105.32,40.57,55,0,2.28
449,Alzamay,RU,2020-10-04 03:31:57,55.56,98.66,46.96,53,63,3.89
450,Lewisburg,US,2020-10-04 03:35:10,35.45,-86.79,55.0,93,28,1.57
451,Mana,GF,2020-10-04 03:32:18,5.66,-53.78,78.76,89,10,8.41
452,Chapais,CA,2020-10-04 03:35:11,49.78,-74.85,35.6,96,90,2.24
453,Los Llanos De Aridane,ES,2020-10-04 03:31:41,28.66,-17.92,73.4,78,75,12.75
454,Ahipara,NZ,2020-10-04 03:32:07,-35.17,173.17,62.85,57,0,3.27
455,Abu Dhabi,AE,2020-10-04 03:31:36,24.47,54.37,82.4,78,0,5.82
456,Mar Del Plata,AR,2020-10-04 03:29:11,-38.0,-57.56,44.01,72,40,9.17
457,Wukari,NG,2020-10-04 03:35:11,7.85,9.78,72.3,96,72,3.2
458,Jining,CN,2020-10-04 03:35:11,35.41,116.58,66.99,1,100,3.0
459,Foumbot,CM,2020-10-04 03:35:11,5.51,10.64,64.24,93,100,2.1
460,Kristianstad,SE,2020-10-04 03:35:11,56.03,14.15,60.8,93,94,15.43
461,Miyako,JP,2020-10-04 03:32:15,39.64,141.95,68.99,77,100,1.79
462,Rudnogorsk,RU,2020-10-04 03:35:11,57.26,103.75,38.35,73,80,6.78
463,Carnot,CF,2020-10-04 03:35:11,4.94,15.87,69.06,93,78,1.57
464,Vuktyl,RU,2020-10-04 03:35:11,63.86,57.31,32.4,95,22,6.06
465,Grand Gaube,MU,2020-10-04 03:32:26,-20.01,57.66,73.99,74,56,3.0
466,Port Hedland,AU,2020-10-04 03:31:51,-20.32,118.57,77.0,10,55,21.92
467,Myanaung,MM,2020-10-04 03:35:11,18.28,95.32,84.27,80,100,5.3
468,Kupang,ID,2020-10-04 03:35:12,-10.17,123.58,95.0,47,20,17.22
469,Fortuna,US,2020-10-04 03:31:43,40.6,-124.16,57.99,100,90,6.93
470,Nibe,DK,2020-10-04 03:35:12,56.98,9.64,60.01,94,100,11.01
471,Avera,US,2020-10-04 03:31:44,33.19,-82.53,57.2,87,1,4.7
472,Villazon,BO,2020-10-04 03:35:12,-22.09,-65.59,51.26,67,6,4.27
473,Pangoa,PE,2020-10-04 03:35:12,-12.12,-73.0,64.85,96,86,1.1
474,Maharajganj,IN,2020-10-04 03:35:12,27.13,83.57,82.4,100,75,3.36
475,Lamu,KE,2020-10-04 03:35:12,-2.27,40.9,77.47,80,54,10.11
476,Bouar,CF,2020-10-04 03:35:12,5.93,15.6,65.03,96,43,1.7
477,Ekhabi,RU,2020-10-04 03:35:12,53.51,142.97,53.38,87,91,16.46
478,Shache,CN,2020-10-04 03:35:12,38.42,77.24,64.38,27,3,11.68
479,Te Anau,NZ,2020-10-04 03:31:44,-45.42,167.72,59.74,70,100,7.02
480,Purranque,CL,2020-10-04 03:35:12,-40.92,-73.17,46.4,65,7,1.66
481,Bilibino,RU,2020-10-04 03:32:15,68.05,166.44,28.27,93,91,3.38
482,Kuloy,RU,2020-10-04 03:35:13,61.03,42.49,37.45,94,21,4.59
483,Moree,AU,2020-10-04 03:35:13,-29.47,149.85,82.4,21,0,9.17
484,Caravelas,BR,2020-10-04 03:32:16,-17.71,-39.25,72.88,89,1,7.2
485,Acarau,BR,2020-10-04 03:35:13,-2.89,-40.12,77.54,83,7,15.35
486,Petropavlovsk-Kamchatskiy,RU,2020-10-04 03:35:13,53.05,158.65,53.6,66,67,15.66
487,Ifakara,TZ,2020-10-04 03:35:13,-8.13,36.68,71.29,72,36,2.46
488,Znamenskoye,RU,2020-10-04 03:35:13,57.13,73.83,35.29,84,92,11.01
489,Anori,BR,2020-10-04 03:35:13,-3.77,-61.64,75.33,85,98,1.16
490,Cozumel,MX,2020-10-04 03:35:13,20.51,-86.95,78.01,55,100,11.99
491,Gat,IL,2020-10-04 03:32:15,31.61,34.76,70.0,79,1,3.58
492,Belmonte,BR,2020-10-04 03:32:18,-15.86,-38.88,73.4,83,20,10.29
493,Tautira,PF,2020-10-04 03:35:13,-17.73,-149.15,84.2,58,20,4.7
494,Port Lincoln,AU,2020-10-04 03:32:24,-34.73,135.87,53.55,88,100,25.17
495,Ostrovnoy,RU,2020-10-04 03:31:45,68.05,39.51,39.96,90,43,17.49
496,Uglich,RU,2020-10-04 03:35:13,57.53,38.33,49.23,84,100,7.31
497,Verkhnyachka,UA,2020-10-04 03:35:14,48.83,30.04,57.07,88,100,12.41
498,Sao Felix Do Xingu,BR,2020-10-04 03:31:58,-6.64,-51.99,78.4,49,37,1.61
499,Minab,IR,2020-10-04 03:35:14,27.15,57.08,80.6,88,20,4.7
500,Mehamn,NO,2020-10-04 03:35:14,71.04,27.85,44.26,82,10,11.54
501,Naryan-Mar,RU,2020-10-04 03:35:14,67.67,53.09,33.62,90,98,9.33
502,Kaihua,CN,2020-10-04 03:35:14,23.37,104.28,74.26,76,83,6.85
503,Talcahuano,CL,2020-10-04 03:35:14,-36.72,-73.12,48.2,70,17,5.82
504,Bud,US,2020-10-04 03:35:14,39.45,-86.18,54.0,66,90,5.37
505,Berezovyy,RU,2020-10-04 03:35:14,51.67,135.7,42.64,89,100,4.59
506,Severnoye,RU,2020-10-04 03:35:14,56.35,78.36,39.22,93,100,11.95
507,Yablochnyy,RU,2020-10-04 03:35:14,47.17,142.07,62.6,45,75,13.42
508,Nome,US,2020-10-04 03:31:58,64.5,-165.41,48.2,87,90,4.27
509,Yatou,CN,2020-10-04 03:35:15,37.15,122.38,61.97,56,96,21.36
510,Adra,ES,2020-10-04 03:35:15,36.75,-3.02,61.0,47,0,1.12
511,Sungaipenuh,ID,2020-10-04 03:35:15,-2.08,101.38,81.37,53,100,1.7
512,Grindavik,IS,2020-10-04 03:35:15,63.84,-22.43,41.0,93,90,13.87
513,Cabatuan,PH,2020-10-04 03:35:15,10.88,122.49,87.64,68,59,2.24
514,Ilulissat,GL,2020-10-04 03:30:56,69.22,-51.1,30.2,86,100,4.7
515,Cap Malheureux,MU,2020-10-04 03:35:15,-19.98,57.61,75.0,74,47,1.01
516,Port Augusta,AU,2020-10-04 03:35:15,-32.5,137.77,78.01,72,75,14.99
517,Verkhoyansk,RU,2020-10-04 03:35:15,67.54,133.38,38.52,65,92,18.14
518,Jinchang,CN,2020-10-04 03:35:15,38.5,102.17,46.13,47,0,10.65
519,At-Bashi,KG,2020-10-04 03:35:15,41.17,75.81,47.34,49,87,1.59
520,Oranjemund,NA,2020-10-04 03:35:15,-28.55,16.43,54.72,89,0,3.29
521,Taiyuan,CN,2020-10-04 03:35:16,37.87,112.56,48.2,29,0,4.47
522,Maxixe,MZ,2020-10-04 03:35:16,-23.86,35.35,73.09,83,86,9.73
523,Chernyshevskiy,RU,2020-10-04 03:35:16,63.01,112.47,33.98,90,99,9.35
524,Waverly,US,2020-10-04 03:35:16,42.74,-84.62,46.99,70,90,4.7
525,Tabou,CI,2020-10-04 03:32:25,4.42,-7.35,76.12,88,32,8.41
526,Vanimo,PG,2020-10-04 03:35:16,-2.67,141.3,86.23,65,62,8.66
527,Bajil,YE,2020-10-04 03:35:16,15.06,43.29,83.75,68,0,3.15
528,Winona,US,2020-10-04 03:33:17,43.97,-91.77,42.8,81,90,4.29
529,Darasun,RU,2020-10-04 03:35:16,51.67,114.0,37.4,55,75,17.9
530,Chenzhou,CN,2020-10-04 03:35:16,25.8,113.03,66.43,83,98,5.57
531,Bjerkvik,NO,2020-10-04 03:35:16,68.56,17.52,39.99,93,0,15.01
532,Menongue,AO,2020-10-04 03:35:16,-14.66,17.69,66.76,48,68,4.07
533,Necochea,AR,2020-10-04 03:32:13,-38.55,-58.74,39.0,73,0,1.99
534,Businga,CD,2020-10-04 03:35:17,3.33,20.88,68.68,91,80,1.34
535,Port-Gentil,GA,2020-10-04 03:32:15,-0.72,8.78,77.95,87,100,11.07
536,Holme,DK,2020-10-04 03:35:17,56.11,10.17,60.8,93,98,18.34
537,Porbandar,IN,2020-10-04 03:32:08,21.64,69.61,80.6,88,1,7.58
538,Vrnjacka Banja,RS,2020-10-04 03:35:17,43.62,20.9,71.6,64,100,21.92
539,Wewak,PG,2020-10-04 03:35:17,-3.55,143.63,85.28,67,8,8.81
540,Pimenta Bueno,BR,2020-10-04 03:35:17,-11.67,-61.19,77.27,72,27,1.86
541,Kargil,IN,2020-10-04 03:35:17,34.57,76.1,46.94,42,0,1.81
542,Woodward,US,2020-10-04 03:35:17,36.43,-99.39,53.01,57,1,4.7
543,Broome,US,2020-10-04 03:32:17,42.25,-75.83,43.0,70,1,2.21
544,Khasan,RU,2020-10-04 03:35:17,42.43,130.64,62.62,73,1,12.12
545,Marsa Matruh,EG,2020-10-04 03:35:17,31.35,27.25,71.6,78,0,4.47
546,Ishigaki,JP,2020-10-04 03:35:17,24.34,124.16,86.0,70,20,10.29
547,Clyde River,CA,2020-10-04 03:31:54,70.47,-68.59,24.8,73,75,5.82
548,Ha Giang,VN,2020-10-04 03:35:17,22.83,104.98,82.67,71,87,3.51
549,Waconia,US,2020-10-04 03:35:18,44.85,-93.79,42.01,85,40,5.12
550,Punta Gorda,US,2020-10-04 03:32:39,26.93,-82.05,75.2,94,90,11.41
551,Yar-Sale,RU,2020-10-04 03:32:21,66.83,70.83,32.94,88,4,18.34
552,Inyonga,TZ,2020-10-04 03:35:18,-6.72,32.07,64.99,55,21,5.1
553,Eenhana,NA,2020-10-04 03:35:18,-17.47,16.33,68.0,14,0,2.24
554,Wolverhampton,GB,2020-10-04 03:35:18,52.59,-2.12,48.0,96,100,15.95
555,San Quintin,MX,2020-10-04 03:31:49,30.48,-115.95,73.35,58,0,2.06
556,Eirunepe,BR,2020-10-04 03:30:45,-6.66,-69.87,73.87,86,63,0.72
557,Madang,PG,2020-10-04 03:35:18,-5.22,145.8,86.27,63,55,8.12
558,Aban,RU,2020-10-04 03:35:18,56.67,96.06,45.0,57,92,8.43
559,Selu,IN,2020-10-04 03:35:18,19.47,76.47,83.57,58,93,7.81
560,Kitakata,JP,2020-10-04 03:35:18,37.65,139.87,68.0,82,75,4.7
561,Qiqihar,CN,2020-10-04 03:35:18,47.34,123.97,47.08,84,100,14.61
562,Kushiro,JP,2020-10-04 03:35:18,42.98,144.37,62.6,88,75,4.7
563,Tongliao,CN,2020-10-04 03:32:35,43.61,122.27,53.4,42,17,15.64
564,Ambilobe,MG,2020-10-04 03:35:19,-13.2,49.05,76.42,66,49,5.21
565,Wabana,CA,2020-10-04 03:35:19,47.63,-52.95,55.99,93,90,13.87
566,Udachnyy,RU,2020-10-04 03:31:58,66.42,112.4,30.2,100,90,6.71
567,Lumeje,AO,2020-10-04 03:35:19,-11.55,20.78,69.91,51,8,4.09
568,Olovo,BA,2020-10-04 03:35:19,44.13,18.58,80.6,57,75,14.99
569,Rocha,UY,2020-10-04 03:35:19,-34.48,-54.33,45.28,83,48,6.55
570,Upington,ZA,2020-10-04 03:35:19,-28.45,21.26,46.4,42,0,1.12
571,Ugoofaaru,MV,2020-10-04 03:32:17,5.67,73.0,82.24,73,27,10.71
572,Kerema,PG,2020-10-04 03:35:19,-7.96,145.78,83.41,75,56,10.4
573,Labuan,MY,2020-10-04 03:35:20,5.28,115.24,78.8,88,40,3.36
574,Brigantine,US,2020-10-04 03:35:20,39.41,-74.36,59.0,87,1,6.11
575,Kalush,UA,2020-10-04 03:35:20,49.01,24.37,55.67,82,100,9.82
576,Huilong,CN,2020-10-04 03:35:20,31.81,121.66,70.0,96,100,3.0
577,Nabire,ID,2020-10-04 03:35:20,-3.37,135.48,78.49,82,100,6.87
578,Tazovskiy,RU,2020-10-04 03:35:20,67.47,78.7,32.97,92,100,23.22
579,Zharkent,KZ,2020-10-04 03:35:20,44.16,80.0,61.38,32,21,5.77
580,Sorland,NO,2020-10-04 03:31:52,67.67,12.69,51.94,77,0,16.91
581,Viedma,AR,2020-10-04 03:31:39,-40.81,-63.0,36.73,81,0,9.17
582,Whitehorse,CA,2020-10-04 03:35:20,60.72,-135.05,48.2,57,75,5.82
583,Cururupu,BR,2020-10-04 03:35:20,-1.83,-44.87,76.37,85,95,5.03
584,Saint-Louis,SN,2020-10-04 03:35:20,16.33,-15.0,83.16,65,3,11.5
585,Clifton,US,2020-10-04 03:35:20,40.86,-74.16,57.99,66,1,5.55
586,Mont-Joli,CA,2020-10-04 03:35:21,48.58,-68.19,42.8,70,20,6.93
587,North Myrtle Beach,US,2020-10-04 03:35:21,33.82,-78.68,64.4,72,90,10.29
588,Dunedin,NZ,2020-10-04 03:32:08,-45.87,170.5,55.0,74,100,11.01
589,Tungor,RU,2020-10-04 03:35:21,53.38,142.96,53.83,88,87,15.26
590,Coihaique,CL,2020-10-04 03:31:53,-45.58,-72.07,39.2,55,27,5.82
591,Tornio,FI,2020-10-04 03:35:21,65.85,24.15,42.8,93,42,8.05
592,Voh,NC,2020-10-04 03:35:21,-20.97,164.7,78.06,52,2,16.67
593,San Rafael,AR,2020-10-04 03:32:26,-34.62,-68.33,44.89,67,100,11.99
594,Ostersund,SE,2020-10-04 03:35:21,63.18,14.64,48.2,93,100,11.41
595,Hami,CN,2020-10-04 03:31:57,42.8,93.45,62.46,23,94,6.4
596,Krutinka,RU,2020-10-04 03:35:21,56.01,71.51,35.49,82,65,15.66
597,Ixtapa,MX,2020-10-04 03:35:21,20.7,-105.2,82.4,74,5,4.7
598,Dharchula,IN,2020-10-04 03:35:21,29.85,80.53,76.96,31,0,4.03
599,Vila Franca Do Campo,PT,2020-10-04 03:32:30,37.72,-25.43,66.2,93,75,13.87
600,Quelimane,MZ,2020-10-04 03:35:21,-17.88,36.89,69.8,94,90,1.54
601,Tiznit,MA,2020-10-04 03:32:03,29.58,-9.5,62.42,72,0,2.64
602,Paciran,ID,2020-10-04 03:35:22,-6.88,112.38,88.57,51,98,3.11
603,Rundu,NA,2020-10-04 03:35:22,-17.93,19.77,68.65,24,74,4.12
604,Manokwari,ID,2020-10-04 03:29:44,-0.87,134.08,77.27,88,100,0.51
605,Nipawin,CA,2020-10-04 03:35:22,53.37,-104.0,39.2,77,1,6.93
606,Sobolevo,RU,2020-10-04 03:32:04,54.43,31.9,50.09,64,97,13.73
607,Xai-Xai,MZ,2020-10-04 03:35:22,-25.05,33.64,70.54,87,93,5.75
608,Puerto Quijarro,BO,2020-10-04 03:35:22,-17.78,-57.77,86.02,42,0,7.4
609,Saint-Augustin,CA,2020-10-04 03:31:47,51.23,-58.65,43.03,76,47,6.93
610,Namibe,AO,2020-10-04 03:35:22,-15.2,12.15,67.37,66,93,6.8
611,Danshui,CN,2020-10-04 03:35:22,22.8,114.47,89.01,97,23,3.0
612,Beloha,MG,2020-10-04 03:35:22,-25.17,45.05,65.71,71,82,13.76
613,Oparino,RU,2020-10-04 03:35:22,59.85,48.28,32.14,97,0,3.56
614,Moses Lake,US,2020-10-04 03:33:42,47.13,-119.28,69.8,46,1,4.7
615,Marquette,US,2020-10-04 03:35:23,46.53,-87.63,41.0,95,89,1.14
616,Dalby,AU,2020-10-04 03:35:23,-27.18,151.27,78.8,34,0,16.11
617,Kudahuvadhoo,MV,2020-10-04 03:35:23,2.67,72.89,83.46,68,99,7.27
618,Saint Anthony,US,2020-10-04 03:31:49,45.02,-93.22,45.0,75,90,4.29
619,Juodupe,LT,2020-10-04 03:35:23,56.08,25.62,56.32,86,100,16.24
620,Havre-Saint-Pierre,CA,2020-10-04 03:32:25,50.23,-63.6,42.8,93,90,8.05
621,Hamilton,US,2020-10-04 03:35:23,39.18,-84.53,55.99,81,90,3.67
622,Nynashamn,SE,2020-10-04 03:31:46,58.9,17.95,59.0,68,99,22.37
623,Jackson,US,2020-10-04 03:30:29,42.42,-122.83,73.4,33,1,3.36
624,Samarkand,UZ,2020-10-04 03:31:43,39.65,66.96,57.2,41,74,6.93
625,Tynda,RU,2020-10-04 03:35:23,55.17,124.72,43.03,61,12,11.36
626,Yaan,NG,2020-10-04 03:32:28,7.38,8.57,72.97,99,99,3.78
627,Ryotsu,JP,2020-10-04 03:35:23,38.08,138.43,75.2,73,75,3.36
628,Chimbote,PE,2020-10-04 03:35:24,-9.09,-78.58,62.11,87,100,6.64
629,Pervomayskoye,RU,2020-10-04 03:35:24,43.92,46.71,62.65,67,87,12.26
630,Catamarca,AR,2020-10-04 03:35:24,-28.47,-65.79,45.0,70,47,1.99
631,Biloela,AU,2020-10-04 03:35:24,-24.42,150.5,80.92,36,7,12.71
632,Gamba,GA,2020-10-04 03:31:43,-2.65,10.0,77.02,88,100,6.49
633,Prince Rupert,CA,2020-10-04 03:30:13,54.32,-130.32,51.8,100,75,3.36
634,Eskisehir,TR,2020-10-04 03:35:24,39.78,30.52,41.0,86,35,2.24
635,Tilichiki,RU,2020-10-04 03:32:30,60.47,166.1,44.13,57,1,9.46
636,Csanadpalota,HU,2020-10-04 03:35:24,46.25,20.73,73.0,49,85,16.11
637,Kaduqli,SD,2020-10-04 03:35:24,11.02,29.72,72.01,92,79,1.41
638,Itarana,BR,2020-10-04 03:35:24,-19.87,-40.88,72.57,74,0,3.47
639,Xuddur,SO,2020-10-04 03:35:24,4.12,43.89,74.57,75,100,9.48
640,Pakxe,LA,2020-10-04 03:35:24,15.12,105.78,86.0,79,75,2.24
641,Danielskuil,ZA,2020-10-04 03:35:25,-28.19,23.54,34.7,82,0,2.26
642,Severomuysk,RU,2020-10-04 03:35:25,56.15,113.43,23.9,85,17,4.61
643,Mantua,IT,2020-10-04 03:35:25,45.17,10.78,51.01,90,1,1.01
644,Mezhdurechenskiy,RU,2020-10-04 03:35:25,59.6,65.93,34.88,85,74,11.36
645,Nago,JP,2020-10-04 03:35:25,26.59,127.98,86.0,66,90,11.41
646,Kibala,TD,2020-10-04 03:35:25,9.11,18.35,77.0,83,20,6.93
647,Iqaluit,CA,2020-10-04 03:32:04,63.75,-68.51,32.0,95,90,4.7
648,Linguere,SN,2020-10-04 03:35:25,15.4,-15.12,80.11,72,12,8.01
649,Saint-Francois,FR,2020-10-04 03:31:42,46.42,3.91,50.0,71,75,8.05
650,Payyannur,IN,2020-10-04 03:35:25,12.1,75.2,75.2,94,75,1.12
651,San Carlos,VE,2020-10-04 03:35:25,9.66,-68.58,73.47,91,87,2.42
652,Ust-Nera,RU,2020-10-04 03:35:25,64.57,143.2,32.94,69,0,7.27
653,Tapes,BR,2020-10-04 03:32:42,-30.67,-51.4,56.73,88,100,15.99
654,Srednekolymsk,RU,2020-10-04 03:32:11,67.45,153.68,37.62,69,30,8.95
655,Naron,ES,2020-10-04 03:35:26,43.52,-8.15,57.2,82,99,6.93
656,College,US,2020-10-04 03:32:16,64.86,-147.8,51.8,61,40,4.7
657,Aleppo,SY,2020-10-04 03:35:26,36.25,37.5,62.87,88,0,10.07
658,La Ronge,CA,2020-10-04 03:32:23,55.1,-105.28,50.0,61,75,12.75
659,Camacha,PT,2020-10-04 03:32:13,33.08,-16.33,69.8,77,20,9.17
660,Le Moule,GP,2020-10-04 03:35:26,16.33,-61.35,77.0,88,98,16.04
661,Romny,UA,2020-10-04 03:35:26,50.75,33.47,52.38,69,75,11.18
662,Omboue,GA,2020-10-04 03:35:26,-1.57,9.26,76.69,89,99,7.38
663,Berdigestyakh,RU,2020-10-04 03:32:17,62.1,126.7,36.88,75,0,7.36
664,Alekseyevka,RU,2020-10-04 03:35:26,50.63,38.69,50.18,43,87,7.81
665,Tupiza,BO,2020-10-04 03:35:26,-21.45,-65.72,59.72,47,0,8.97
666,Northam,GB,2020-10-04 03:35:27,51.03,-4.22,52.0,80,100,21.0
667,Brae,GB,2020-10-04 03:31:44,60.4,-1.35,55.4,82,99,19.46
668,Nouadhibou,MR,2020-10-04 03:31:39,20.93,-17.03,69.8,83,0,24.16
669,Isabela,PH,2020-10-04 03:35:27,6.71,121.97,87.8,74,40,16.11
670,Bucksport,US,2020-10-04 03:35:27,44.57,-68.8,52.0,94,60,1.99
671,Arica,CL,2020-10-04 03:31:53,-18.48,-70.3,61.0,81,90,0.83
672,Pontes E Lacerda,BR,2020-10-04 03:32:08,-15.23,-59.34,82.45,42,50,2.37
673,Harare,ZW,2020-10-04 03:35:27,-17.83,31.05,64.11,48,6,6.26
674,Mercedes,AR,2020-10-04 03:35:27,-34.65,-59.43,44.01,78,58,1.99
675,Mandalgovi,MN,2020-10-04 03:32:17,45.76,106.27,36.16,56,0,10.92
676,Laramie,US,2020-10-04 03:33:54,41.31,-105.59,45.0,39,1,4.7
677,Santa Rosa,PH,2020-10-04 03:35:27,14.31,121.11,91.99,66,75,5.82
678,Waingapu,ID,2020-10-04 03:35:27,-9.66,120.26,86.94,54,42,12.46
679,Tigil,RU,2020-10-04 03:35:27,57.8,158.67,49.53,54,96,2.89
680,Sebinkarahisar,TR,2020-10-04 03:35:27,40.29,38.42,48.96,70,0,0.87
681,Shelburne,CA,2020-10-04 03:32:30,44.08,-80.2,45.0,93,90,1.41
682,Guinguineo,SN,2020-10-04 03:35:28,14.27,-15.95,77.47,89,2,5.93
683,Leh,IN,2020-10-04 03:35:28,34.17,77.58,45.97,43,0,4.41
684,Danjiangkou,CN,2020-10-04 03:35:28,32.54,111.51,62.87,81,100,4.07
685,Matamoros,MX,2020-10-04 03:33:39,25.53,-103.25,77.0,22,5,4.85
686,Cedral,MX,2020-10-04 03:35:28,23.8,-100.73,60.94,45,0,9.84
687,Inta,RU,2020-10-04 03:35:28,66.03,60.17,32.38,95,84,8.99
688,Poum,NC,2020-10-04 03:32:12,-20.23,164.02,73.08,67,0,13.22
689,Muros,ES,2020-10-04 03:32:09,42.78,-9.06,57.0,89,75,12.19
690,Wajima,JP,2020-10-04 03:32:05,37.4,136.9,73.4,78,75,10.29
691,Curup,ID,2020-10-04 03:35:28,-3.47,102.53,85.75,48,100,2.71
692,Acajutla,SV,2020-10-04 03:32:18,13.59,-89.83,70.0,100,100,4.47
693,Brenham,US,2020-10-04 03:30:30,30.17,-96.4,69.8,73,1,4.7
694,Palmer,US,2020-10-04 03:32:11,42.16,-72.33,45.0,100,1,2.75
695,Lebedyan,RU,2020-10-04 03:35:28,53.02,39.17,41.0,52,1,6.71
696,Omsukchan,RU,2020-10-04 03:31:56,62.53,155.8,40.86,64,70,1.3
697,Gigmoto,PH,2020-10-04 03:35:29,13.78,124.39,85.21,71,81,3.67
698,Khani,GE,2020-10-04 03:32:18,41.96,42.96,55.4,100,40,3.02
699,Leo,BF,2020-10-04 03:35:29,11.1,-2.1,72.66,91,74,2.55
700,Bejar,ES,2020-10-04 03:35:29,40.39,-5.76,50.0,87,40,10.29
701,Karratha,AU,2020-10-04 03:30:25,-20.74,116.85,80.92,16,13,20.42
702,Kuressaare,EE,2020-10-04 03:35:29,58.25,22.5,59.0,93,40,18.34
703,Bayir,TR,2020-10-04 03:35:29,37.27,28.22,57.2,71,0,1.12
704,Baltasi,RU,2020-10-04 03:35:29,56.35,50.21,38.71,81,0,8.41
705,Nelson Bay,AU,2020-10-04 03:35:29,-32.72,152.15,88.0,28,0,5.82
706,Strezhevoy,RU,2020-10-04 03:35:29,60.73,77.59,32.0,91,75,6.71
707,Severo-Yeniseyskiy,RU,2020-10-04 03:32:09,60.37,93.04,43.12,87,100,11.79
708,Banff,CA,2020-10-04 03:33:58,51.18,-115.57,60.01,51,71,11.99
709,Santander,ES,2020-10-04 03:35:29,43.46,-3.8,59.0,62,75,8.05
710,Camacupa,AO,2020-10-04 03:35:30,-12.02,17.48,66.2,66,1,2.44
711,Bousso,TD,2020-10-04 03:35:30,10.48,16.71,75.9,82,100,3.42
712,Garavuti,TJ,2020-10-04 03:35:30,37.57,68.45,57.2,67,40,1.54
713,Sao Gabriel Da Cachoeira,BR,2020-10-04 03:32:30,-0.13,-67.09,74.95,89,27,0.98
714,Durban,ZA,2020-10-04 03:30:57,-29.86,31.03,64.4,88,75,5.82
715,General Roca,AR,2020-10-04 03:35:30,-39.03,-67.58,46.4,49,40,12.75
716,Alberton,CA,2020-10-04 03:35:30,46.82,-64.07,53.8,64,61,12.01
717,Maraa,BR,2020-10-04 03:35:30,-1.83,-65.37,75.45,84,44,0.6
718,Coquimbo,CL,2020-10-04 03:31:56,-29.95,-71.34,51.8,71,91,6.89
